,video_id,title,publishedAt,channelId,channelTitle,categoryId,trending_date,tags,view_count,likes,dislikes,comment_count,thumbnail_link,comments_disabled,ratings_disabled
0,36pZPzKVj5k,BE:FIRST / Betrayal Game -from Bye-Good-Bye One-day One Man Show-,2022-04-30T12:00:02Z,UCi_AquB9uaI3-9xXkuWG7IQ,BE:FIRST Official,10,2022-05-01T00:00:00Z,SKY-HI|スカイハイ|すかいはい|日高|ヒダカ|ひだか|日高光啓|AAA|トリプルエー|すっきり|ｽｯｷﾘ|sukkkiri|THEFIRST|ザファースト|ｻﾞﾌｧｰｽﾄ|ざふぁーすと|BMSG|ビーエムエスジー|ﾋﾞｰｴﾑｴｽｼﾞｰ|びーえむえすじー|ボーイズグループオーディション|ざすと|ザスト|ｻﾞｽﾄ|BEFIRST|ﾋﾞｰｽﾄ|ボーイズグループ|ﾎﾞｰｲｽﾞｸﾞﾙｰﾌﾟ|Boysgroup|BE:FIRST|JUNON|RYUHEI|LEO|SOTA|RYOKI|MANATO|SHUNTO|ジュノン|ｼﾞｭﾉﾝ|リュウヘイ|ﾘｭｳﾍｲ|レオ|ソウタ|ﾚｵ|ｿｳﾀ|リョウキ|ﾘｮｳｷ|マナト|ﾏﾅﾄ|シュント|ｼｭﾝﾄ|BESTY|Bye-Good-Bye|ByeGoodBye|ばいぐっばい|バイグッバイ|ドラマ|主題歌|eill|宮田“レフティ”リョウ|探偵が早すぎる|滝藤賢一|広瀬アリス|エイル|Betrayal Game|BetrayalGame|ビトレイアルゲーム|ﾋﾞﾄﾚｲｱﾙｹﾞｰﾑ,554283,40561,0,2388,https://i.ytimg.com/vi/36pZPzKVj5k/default.jpg,False,False
1,K9mQvOan1FE,水路に捨てられたペットを塩焼きで食う,2022-04-30T10:00:57Z,UCd0hscDvJvzRbo8Rk7JPQMA,ホモサピ,24,2022-05-01T00:00:00Z,ホモサピ|野食|サバイバル|昆虫|キャンプ,1024995,25210,0,2634,https://i.ytimg.com/vi/K9mQvOan1FE/default.jpg,False,False
2,8dJyRm2jJ-U,PSY - 'That That (prod. & feat. SUGA of BTS)' MV,2022-04-29T09:00:10Z,UCrDkAvwZum-UTjHmzDI2iIw,officialpsy,10,2022-05-01T00:00:00Z,PSY|싸이|psy|Psy|박재상|Comeback|coming back|9th|PSY 9th|Psy 9th|P NATION|p nation|피네이션|정규9집|컴백|싸다9|싸다구|PSY9th|구집|9wlq|9집|콘서트|싸이 콘서트|싸이콘서트|That That|that that|that|SUGA|BTS|produced|featuring|MV|music video|Music Video,42136397,4993375,0,303470,https://i.ytimg.com/vi/8dJyRm2jJ-U/default.jpg,False,False
3,0yUvt7LmXXs,【#長尾景3D】無罪お披露目配信【長尾景/にじさんじ】,2022-04-30T13:14:50Z,UCXW4MqCQn-jCaxlX-nn-BYg,長尾 景 / Nagao Kei【にじさんじ】,24,2022-05-01T00:00:00Z,長尾景|ながおけい|nagaokei|にじさんじ|nijisanji|Vtuber|anime|アニメ|japan|切り抜き|雑談|game|ゲーム|実況|歌ってみた|カバー,565635,43171,0,1007,https://i.ytimg.com/vi/0yUvt7LmXXs/default.jpg,False,False
4,uJzQmKApyis,明石家さんまさんが牛宮城に御来店！ まさかのお祝いに感動……,2022-04-30T10:00:34Z,UCtubooLn_qgqoWsWS-UWuHw,宮迫ですッ!【宮迫博之】,24,2022-05-01T00:00:00Z,宮迫博之|お笑い|宮迫ですっ！|エンターテイメント|芸能|芸人|雨上がり決死隊|YouTube|動画|トーク|初心|感謝|頑張ります|さんま|明石家さんま|デヴィ夫人|狩野英孝|エハラマサヒロ|宮迫博之|お笑い|宮迫ですっ！|エンターテイメント|芸能|芸人|雨上がり決死隊|YouTube|動画|トーク|初心|感謝|頑張ります|さんま|明石家さんま|デヴィ夫人|狩野英孝|エハラマサヒロ,541468,16170,0,871,https://i.ytimg.com/vi/uJzQmKApyis/default.jpg,False,False
5,oZfrkj0jaWE,BE:FIRST / Betrayal Game  -Dance Practice-,2022-04-29T11:00:21Z,UCi_AquB9uaI3-9xXkuWG7IQ,BE:FIRST Official,10,2022-05-01T00:00:00Z,SKY-HI|スカイハイ|すかいはい|日高|ヒダカ|ひだか|日高光啓|AAA|トリプルエー|すっきり|ｽｯｷﾘ|sukkkiri|THEFIRST|ザファースト|ｻﾞﾌｧｰｽﾄ|ざふぁーすと|BMSG|ビーエムエスジー|ﾋﾞｰｴﾑｴｽｼﾞｰ|びーえむえすじー|ボーイズグループオーディション|ざすと|ザスト|ｻﾞｽﾄ|BEFIRST|ﾋﾞｰｽﾄ|ボーイズグループ|ﾎﾞｰｲｽﾞｸﾞﾙｰﾌﾟ|Boysgroup|BE:FIRST|JUNON|RYUHEI|LEO|SOTA|RYOKI|MANATO|SHUNTO|ジュノン|ｼﾞｭﾉﾝ|リュウヘイ|ﾘｭｳﾍｲ|レオ|ソウタ|ﾚｵ|ｿｳﾀ|リョウキ|ﾘｮｳｷ|マナト|ﾏﾅﾄ|シュント|ｼｭﾝﾄ|BESTY|Bye-Good-Bye|ByeGoodBye|ばいぐっばい|バイグッバイ|ドラマ|主題歌|eill|宮田“レフティ”リョウ|探偵が早すぎる|滝藤賢一|広瀬アリス|エイル|Betrayal Game|BetrayalGame|ビトレイアルゲーム|ﾋﾞﾄﾚｲｱﾙｹﾞｰﾑ,1005053,48326,0,4078,https://i.ytimg.com/vi/oZfrkj0jaWE/default.jpg,False,False
6,Gig2kliHU54,【プロスピA】藤川球児vsVIPガチオーダーでリアタイ本気リベンジマッチ！！藤川の奇策？秘策発動で「何してんねん」大連発！？衝撃の展開&伝説の名勝負誕生！！【神回】,2022-04-30T10:00:14Z,UCz7tOXB0x7yfESq6WPkA11g,藤川球児の真向勝負,20,2022-05-01T00:00:00Z,藤川球児|vip|プロスピa|リアタイ|ガチャ|VIP|V.I.P|阪神|何してんねん|イチロー|clay|阪神純正|コラボ|プロスピ,147663,2344,0,85,https://i.ytimg.com/vi/Gig2kliHU54/default.jpg,False,False
7,ShbfYtAPXuI,=LOVE（イコールラブ）/ 11th Single『あの子コンプレックス』【MV full】,2022-04-30T12:00:11Z,UCv7VutirxDn3RWIJXI68n_A,＝LOVE（イコールラブ）公式チャンネル,10,2022-05-01T00:00:00Z,アイドル|idol|声優アイドル|＝LOVE|イコールラブ|イコラブ|女子|代々木アニメーション学院|代アニ|yoani|指原莉乃|プロデューサー|声優|学校|ドキュメンタリー|大谷|映美里|大場|花菜|音嶋|莉沙|齋藤|樹愛羅|齊藤|なぎさ|佐々木|舞香|髙松|瀧脇|笙古|野口|衣織|諸橋|沙夏|山本|杏奈,237701,15245,0,1734,https://i.ytimg.com/vi/ShbfYtAPXuI/default.jpg,False,False
8,eCRrJ8btToQ,東京03 -  「恥ずかしいはずの話」／『第21回東京03単独公演「人間味風」』 より,2022-04-30T03:00:11Z,UConIcs8o0z5vYTamGtq-Lsw,東京03 Official YouTube Channel,24,2022-05-01T00:00:00Z,[None],241887,4643,0,344,https://i.ytimg.com/vi/eCRrJ8btToQ/default.jpg,False,False
9,5CQGXTSf71o,自分の布団で知らない子猫が寝てたら猫がこうなりました…笑,2022-04-30T11:01:00Z,UCplhkHsYKxXjTde1lq8F-4w,もちまる日記,15,2022-05-01T00:00:00Z,[None],1260931,0,0,1470,https://i.ytimg.com/vi/5CQGXTSf71o/default.jpg,False,True
10,2kehq14ieMY,【神回】ゲリラで路上ライブしたら新宿駅前が大パニックに！？,2022-04-30T13:04:40Z,UCBmY_77ZQUUGH34TXT36HNw,竹中雄大 / Novelbright,10,2022-05-01T00:00:00Z,Novelbright|竹中雄大|ノーベルブライト|路上ライブ|歌ってみた|歌うま|Walking with you|ツキミソウ|愛とか恋とか|TikTok|新宿,182247,7223,0,546,https://i.ytimg.com/vi/2kehq14ieMY/default.jpg,False,False
11,Urn6O1kXsg8,【公式】アニメ「ポケットモンスター」第108話「ルカリオとゲッコウガ！運命の波導！！」（見逃し配信）,2022-04-29T10:30:06Z,UC_SI1j1d8vJo_rYMV5o_dRg,ポケモン公式YouTubeチャンネル,1,2022-05-01T00:00:00Z,ポケモン|ぽけもん|Pokémon|Pokemon|ポケットモンスター|ピカチュウ|イーブイ|コイキング|ミミッキュ|ヤドン|メタモン|ポケモンGO|Pokémon GO|アニポケ|ポケどこ|ポケモン映画|ポケモンセンター|ポケモン ソード・シールド|剣盾|ポケモン剣盾|赤緑|GOTCHA|サトシ|ゴウ|ポケセン|ポケモンレジェンズ|ポッチャマ|BDSP|ポケレジェ|ダイパ|シンオウ地方|ヒスイ地方|ポケモンSV|ポケモンスカーレット|ポケモンバイオレット|ルカリオ|カイリュー|ゲンガー|ネギガナイト|ウオノラゴン|エースバーン|インテレオン|サルノリ|anipoke|ポケアニ|サクラギ|コハル|ワンパチ|ロケット団|ムサシ|コジロウ|ニャース|ソーナンス|モルペコ|ペリッパー|プロジェクトミュウ|松本梨香|山下大輝|中村悠一|花澤香菜|堀内賢雄|林原めぐみ|三木眞一郎|犬山イヌコ|うえだゆうじ|ツルギ|アサヒ|神谷浩史|白石涼子|1・2・3|バツグンタイプ|ゲコガシラ|ケロマツ|キバナ|マスターズエイト|ダンデ|ジュラルドン|ゲッコウガ|カロス|波導|メガシンカ|キズナ,894798,0,0,0,https://i.ytimg.com/vi/Urn6O1kXsg8/default.jpg,False,True
12,Aj1eS-xv6_I,SixTONES【アポなしキャンプ旅】まずは素敵な朝食から！~01~,2022-04-29T13:00:08Z,UCwjAKjycHHT1QzHrQN5Stww,SixTONES,10,2022-05-01T00:00:00Z,SixTONES|ストーンズ|johnny’s|johnnys’|johnny’s Jr.|Johnnys’ Jr.|ジャニーズJr.|ジャニーズJr.チャンネル|滝沢秀明|タッキー|ジェシー|京本大我|松村北斗|髙地優吾|森本慎太郎|田中樹|Jesse|Taiga Kyomoto|Hokuto Matsumura|Yugo Kochi|Shintaro Morimoto|Juri Tanaka|YouTubeアーティストプロモ,860359,0,0,5973,https://i.ytimg.com/vi/Aj1eS-xv6_I/default.jpg,False,True
13,4T5zkgr7ELw,４年振りの【釣りいろは】コラボが面白すぎたｗｗｗｗｗｗｗｗ,2022-04-30T09:30:16Z,UC4QadOSsJu54Qs8z99shRiQ,釣りよかでしょう。,17,2022-05-01T00:00:00Z,Fishing|bassfishing|釣り|バス釣り|ブラックバス|ブラックバス釣り|ライトショアジギング|ショアジギング|ジギング|佐賀よかでしょう|釣りよかでしょう|泳がせ釣り|アジング|エギング|佐賀|福岡|長崎|大分|熊本|宮崎|鹿児島|九州|おかっぱり|陸っぱり|野池|リザーバー|クリーク|川バス|バスフィッシング|ルアーフィッシング|船ジギング|タイラバ|ティップラン|貸しボート|アルミボート|よーらい|むねお|はた|こだま|とくちゃん|釣りよか|佐賀よか|まりも|飯よか|ゴルよか|三毛猫|遊漁船|DIY,302110,8099,0,282,https://i.ytimg.com/vi/4T5zkgr7ELw/default.jpg,False,False
14,qJKR3_nvcZk,【オフの日】ディズニーランドに行ってきました！【Vlog】＃42,2022-04-30T11:00:28Z,UCUApURCve0BEqv6Sa9x_OJg,my channel【白石麻衣 公式】,24,2022-05-01T00:00:00Z,[None],552513,25661,0,1578,https://i.ytimg.com/vi/qJKR3_nvcZk/default.jpg,False,False
15,X6gofKC5mUo,【ゆっくり実況】ゆっくり達のマリオカート8DX part108,2022-04-30T09:00:25Z,UCtTzAeUzuCKihDS1BECX9QA,酒桜,20,2022-05-01T00:00:00Z,ゆっくり実況|ゆっくり実況プレイ|酒桜|マリオカート|霊夢|魔理沙|パルスィ|レース|ゆっくり茶番|茶番|チョコマウンテン|part108|#108,257171,0,0,544,https://i.ytimg.com/vi/X6gofKC5mUo/default.jpg,False,True
16,2LqS4czuE5s,あのyoutuberと4年間揉めてた理由、話します,2022-04-29T09:30:15Z,UC4QadOSsJu54Qs8z99shRiQ,釣りよかでしょう。,17,2022-05-01T00:00:00Z,Fishing|bassfishing|釣り|バス釣り|ブラックバス|ブラックバス釣り|ライトショアジギング|ショアジギング|ジギング|佐賀よかでしょう|釣りよかでしょう|泳がせ釣り|アジング|エギング|佐賀|福岡|長崎|大分|熊本|宮崎|鹿児島|九州|おかっぱり|陸っぱり|野池|リザーバー|クリーク|川バス|バスフィッシング|ルアーフィッシング|船ジギング|タイラバ|ティップラン|貸しボート|アルミボート|よーらい|むねお|はた|こだま|とくちゃん|釣りよか|佐賀よか|まりも|飯よか|ゴルよか|三毛猫|遊漁船|DIY,744698,17964,0,1459,https://i.ytimg.com/vi/2LqS4czuE5s/default.jpg,False,False
17,EkcsPOVc43s,LE SSERAFIM FEARLESS M/V TEASER 2,2022-04-30T15:00:01Z,UC3IZKseVpdzPSBaWxBxundA,HYBE LABELS,10,2022-05-01T00:00:00Z,HYBE|HYBE LABELS|하이브|하이브레이블즈,1547059,166581,0,5342,https://i.ytimg.com/vi/EkcsPOVc43s/default.jpg,False,False
18,O-EATJeanL4,【ご報告】ラファエルメンバー社員一同、全員退職しました。今までありがとうございました。,2022-04-29T09:30:04Z,UCgQgMOBZOJ1ZDtCZ4hwP1uQ,ラファエル Raphael,23,2022-05-01T00:00:00Z,トレンド|話題|人気|面白い|自衛隊|イケメン|ドッキリ|検証|モニタリング|筋トレ,763359,12374,0,1703,https://i.ytimg.com/vi/O-EATJeanL4/default.jpg,False,False
19,HyWzDplDDdk,【本人登場ドッキリ】ピアノが弾けないコナン君を助けてあげたら、まさかの恩返しに店内大パニックｗｗｗ【ストリートピアノ】,2022-04-29T05:50:11Z,UCZ3h7IyAMbrVgvmxTdj-rpA,よみぃ,10,2022-05-01T00:00:00Z,ストリートピアノ|よみぃ|鬼滅の刃|ピアノ|弾いてみた|紅白|面白い|太鼓の達人|神動画|おもしろ|TikTok,985978,19153,0,812,https://i.ytimg.com/vi/HyWzDplDDdk/default.jpg,False,False
20,7emzY3jmiJg,ブッ壊して良いボウリング場でやりたい事15選【100km/hで投げる】,2022-04-29T11:00:03Z,UCljYHFazflmGaDr5Lo90KmA,SUSHI RAMEN【Riku】,24,2022-05-01T00:00:00Z,すしらーめん|りく|学生|おもしろ|動画|バカ|面白|実験|youtuber,905140,47045,0,2800,https://i.ytimg.com/vi/7emzY3jmiJg/default.jpg,False,False
21,nPRcGmtSsqo,呂布カルマ vs L-指定 / 真ADRENALINE-新生BATTLE 外伝編- (2022.04.22),2022-04-29T10:00:35Z,UCj6aXG5H_fm_RAvxH38REXw,アドレナリン チャンネル,10,2022-05-01T00:00:00Z,mcbattle|フリースタイル|戦極|フリースタイルダンジョン|晋平太|R-指定|呂布カルマ|L-指定,371479,9406,0,1018,https://i.ytimg.com/vi/nPRcGmtSsqo/default.jpg,False,False
22,iQ5lVvZ_sH0,【ASMR】いろはすゼリーを食べる🫧🧊🚰🌧🛁 モッパントリオ / カノコタ,2022-04-29T10:58:11Z,UCSPkmZyeHlDNE-6YMSg5Fbg,しなこ Shinako / ASMR,22,2022-05-01T00:00:00Z,しなこ,656824,15387,0,1061,https://i.ytimg.com/vi/iQ5lVvZ_sH0/default.jpg,False,False
23,Ebp62h5MnHI,工藤公康が語る 佐々木朗希の凄さ＆西武黄金時代のウラ話【ピッチャーズバイブル】,2022-04-29T12:00:06Z,UCbf6IAYfPy8CwHVgcHbxmNw,フルタの方程式【古田敦也 公式チャンネル】,17,2022-05-01T00:00:00Z,[None],362741,4215,0,260,https://i.ytimg.com/vi/Ebp62h5MnHI/default.jpg,False,False
24,OHUsPiXfcfM,[SPECIAL CLIP] BTS (방탄소년단) ‘Chicken Noodle Soup’ @ BTS 2021 MUSTER SOWOOZOO,2022-04-28T11:00:03Z,UCLkAepWjdylmXSltofFvsYQ,BANGTANTV,10,2022-05-01T00:00:00Z,방탄소년단|BTS|BANGTAN|알엠|RM|슈가|SUGA|제이홉|jhope|지민|정국|k-pop|방탄|j-hope|Jung Kook|Jimin|BTS V|Jin,5934476,1078354,0,37801,https://i.ytimg.com/vi/OHUsPiXfcfM/default.jpg,False,False
25,aF5wncOvYjA,中川家の寄席2022「東京で賃貸物件探し」,2022-04-29T09:00:18Z,UCOg6P-Ne5Hdd5tDtcOHDd-Q,中川家チャンネル,23,2022-05-01T00:00:00Z,中川家|剛|礼二|コント|お笑い|不動産屋|物件|賃貸|都内|マンション|アパート|１LDK|２LDK|３LDK|下北沢|新宿,196545,6112,0,553,https://i.ytimg.com/vi/aF5wncOvYjA/default.jpg,False,False
26,wlYP2Dowojg,アンジュルム『愛すべきべき Human Life』Promotion Edit,2022-04-29T12:00:14Z,UCDwcZ85zjLKD-3-jqlv1wQQ,アンジュルム,10,2022-05-01T00:00:00Z,スマイレージ|smileage|s/mileage|アンジュルム|ANGERME|Hello!Project|ハロプロ|ハロー!プロジェクト|ハロープロジェクト|竹内朱莉|佐々木莉佳子|上國料萌衣|川村文乃|伊勢鈴蘭|Takeuchi Akari|Sasaki Rikako|Kamikokuryo Moe|Kawamura Ayano|Ise Layla|アイドル|idol|J-POP|videoclip|japanese|music|橋迫鈴|Hashisako Rin|川名凜|Kawana Rin|為永幸音|Tamenaga Shion|松本わかな|Matsumoto Wakana|平山遊季|Hirayama Yuki,246791,13736,0,1803,https://i.ytimg.com/vi/wlYP2Dowojg/default.jpg,False,False
27,X-7CC1NkwSk,【最大最強】古代ギリシャ研究家と見る『FGO』の英雄たち【ヘラクレス編 #02】,2022-04-29T09:00:13Z,UCipDXt4RWahzz-uplqYyz0A,ゲームさんぽ /ライブドアニュース,24,2022-05-01T00:00:00Z,[None],285124,11570,0,916,https://i.ytimg.com/vi/X-7CC1NkwSk/default.jpg,False,False
28,8OZDgBmehbA,SEKAI NO OWARI「Habit」,2022-04-28T11:00:32Z,UCKudwfXQgNM7Gkjv95qRI9w,SEKAI NO OWARI,10,2022-05-01T00:00:00Z,[None],967993,57617,0,3169,https://i.ytimg.com/vi/8OZDgBmehbA/default.jpg,False,False
29,IwNPPu6HBSg,4月23日放送 BE FIRST TV 「Be Free」,2022-04-28T12:00:04Z,UCAHu_T31rk_-6rssFbf71xw,BE:FIRST TV,10,2022-05-01T00:00:00Z,BE:FIRST TV|BE:FIRST|佐藤隆太|BESTY,667523,29305,0,1934,https://i.ytimg.com/vi/IwNPPu6HBSg/default.jpg,False,False
30,sFzLW0ywc4o,魔法少女とチョコレゐト／莉犬【歌ってみた】,2022-04-29T08:00:11Z,UCpcGAVuBSJEFs48MBxhf9eg,莉犬くん【すとぷり】,10,2022-05-01T00:00:00Z,莉犬くん|すとぷり|歌ってみた|ピノキオピー|魔法少女とチョコレゐト,458654,58033,0,3885,https://i.ytimg.com/vi/sFzLW0ywc4o/default.jpg,False,False
31,heqtvGnFDyA,milet「Walkin' In My Lane」MUSIC VIDEO (フジテレビ系木曜劇場「やんごとなき一族」主題歌  先行配信中),2022-04-29T10:59:59Z,UCpgxgkifUGSKg9dNFE5Vo7Q,milet Official YouTube Channel,10,2022-05-01T00:00:00Z,milet|偽装不倫|スキャンダル専門弁護士|ヴィンランドサガ|Fate|七人の秘書|ミレイ|賭ケグルイ|ハコヅメ|NHKウィンタースポーツテーマソング|王様ランキング|やんごとなき一族,785957,12991,0,571,https://i.ytimg.com/vi/heqtvGnFDyA/default.jpg,False,False
32,-Pk5cqfIsHU,東野幸治とザ・ノーカット対談２ 〜芸人東野の寿命はあと◯年〜【後編】,2022-04-29T10:05:13Z,UCzpMoI_9uAqcIxpq3Ydf2Lg,千原ジュニアYouTube,24,2022-05-01T00:00:00Z,[None],225422,3218,0,151,https://i.ytimg.com/vi/-Pk5cqfIsHU/default.jpg,False,False
33,i-Rw4MPIoLg,新たな兄弟・黒田アキ、ただいま奮闘中！　〜アキくんと坂上パパの日常〜,2022-04-29T11:00:21Z,UCUYk7t7glHFqIZ3rwN1dY6A,坂上家のチャンネル,24,2022-05-01T00:00:00Z,[None],533173,21202,0,659,https://i.ytimg.com/vi/i-Rw4MPIoLg/default.jpg,False,False
34,wKQh_6wOOV8,イージーゲーム feat.和ぬか / natsumi  full covered by 叶 × 春茶,2022-04-29T10:00:13Z,UChNxH3wxiElBSAdAyMfNhJQ,春茶,10,2022-05-01T00:00:00Z,春茶|かなえ|にじさんじ|イージーゲーム|和ぬか|natsumi|歌ってみた|叶くん|nizisanji|cover|ナナカワ|しゅうまぎ,176359,21803,0,689,https://i.ytimg.com/vi/wKQh_6wOOV8/default.jpg,False,False
35,bVMo1B8cXcQ,雨でも監督を車に乗せない日のモーニングルーティン。【野球部 寮生活】,2022-04-29T10:00:18Z,UCtBnofpvdI3Fbn6f7QclmYQ,あめんぼぷらす【日常コメディ】,17,2022-05-01T00:00:00Z,野球部あるある|リアル|ルーティン|routine|モーニングルーティン|高校野球|大学野球|あめんぼぷらす|あめんぼぷらすぽーつ|アメンボプラス|日常|コメディ|コント|監督|サボり|遭遇|バレる|説教|ブチギレ,615938,14318,0,860,https://i.ytimg.com/vi/bVMo1B8cXcQ/default.jpg,False,False
36,xOj9MOIvceA,日本の歴史を塗り替えて帰ってきたLaz！世界大会で得たものとは？【VALORANT】,2022-04-29T08:00:33Z,UCqf8Mlsu9tsWigALK2gT-1g,Lazvell,20,2022-05-01T00:00:00Z,Valorant|Laz|Absolute|JUPITER|解説|ヴァロラント|最強|日本一|プロ|スキル|初心者|レディアント|Radiant|大会|ZETA DIVISION,156598,6126,0,213,https://i.ytimg.com/vi/xOj9MOIvceA/default.jpg,False,False
37,lzOC_ny8o7c,【じゃんけんが全て】世界のお店食べ食べドライブで海外旅行気分に！,2022-04-29T12:00:11Z,UCutJqz56653xV2wwSvut_hQ,東海オンエア,23,2022-05-01T00:00:00Z,[None],1527371,37003,0,2516,https://i.ytimg.com/vi/lzOC_ny8o7c/default.jpg,False,False
38,54Npuvpws9Q,３年連続でリモート面接でめっちゃふざける奴,2022-04-29T11:52:51Z,UCf-wG6PlxW7rpixx1tmODJw,ジャルジャルアイランド JARUJARU ISLAND,24,2022-05-01T00:00:00Z,[None],163830,5155,0,794,https://i.ytimg.com/vi/54Npuvpws9Q/default.jpg,False,False
39,kW_09wrgncM,藤森慎吾の新居ルームツアーにまさかのアレ登場！,2022-04-29T11:41:46Z,UC25Ah0_XF2lOUwWV9VSfl2g,藤森慎吾のYouTubeチャンネル,24,2022-05-01T00:00:00Z,お笑い|オリエンタルラジオ|藤森慎吾|オリラジ,233843,3596,0,335,https://i.ytimg.com/vi/kW_09wrgncM/default.jpg,False,False
40,ZiOnoMtjn04,luz×「Valentine Eve's Nightmare」／ #7人の歌い手リレー 第3弾,2022-04-29T09:00:28Z,UCuxfK38dUXj6oY_L4JjTCkA,あんスタチャンネル,20,2022-05-01T00:00:00Z,あんさんぶるスターズ！！,406056,33750,0,1284,https://i.ytimg.com/vi/ZiOnoMtjn04/default.jpg,False,False
41,qe0xezKs6gk,【ご報告】あさぎーにょ結婚します💍👰💕,2022-04-29T08:01:06Z,UCqD72KlQed6DB-cPEaEYdEg,あさぎーにょ,24,2022-05-01T00:00:00Z,あさぎーにょ|結婚|結婚報告|婚約|入籍|ご報告|報告|発表,760116,50500,0,4930,https://i.ytimg.com/vi/qe0xezKs6gk/default.jpg,False,False
42,pMwSt2xLGd0,【マイクラ】1週間いろんなMOBが襲ってくる世界でセキュリティハウス生活してみた結果！？,2022-04-29T03:00:13Z,UCIEgmfyQSPwrjXt1QpmNv0w,おらふくん / ドズル社,20,2022-05-01T00:00:00Z,Minecraft|マインクラフト|まいくら|ドズル社|おらふくん|おらふ|オラフ|oraf|マイクラ|こんちゃっちゃ|オラフくん|データパック|MOD|おらふくん|マイクラ|マイクラ|オラフくん|マイクラ|おらふくん|マイクラ|おらふ|マイクラ|オラフ|ネコおじ|ネコおじ|マイクラ|マイクラ|データパック|マイクラ|MOD|マイクラ|ドズル社|オラフくん|マイクラ|ぼんじゅうる|マイクラ|マイクラ ドズル社|マイクラ 建築|マイクラ mod|マイクラ 攻略|マイクラ コマンド|マイクラ|脱出|サバイバル|マイクラ|サバイバル|サバイバル生活|1週間サバイバル生活|マイクラ|1週間サバイバル生活|まいくら|1週間サバイバル生活|マインクラフト|1週間サバイバル生活|Minecraft 1週間サバイバル生活|1週間生活|1週間|まいくら|1週間|マイクラ|1週間|Minecraft|1週間|マインクラフト|セキュリティハウス|セキュリティハウス|マイクラ|マイクラ|ネザー|ネザー|セキュリティハウス|マイクラ|1.19|マイクラ|ウォーデン|ウォーデン|エンドラ,221307,4066,0,175,https://i.ytimg.com/vi/pMwSt2xLGd0/default.jpg,False,False
43,zMmDCgYEyis,選んでくれてありがとう。 feat. 榎本虎太朗・瀬戸口雛（CV：花江夏樹・麻倉もも）／HoneyWorks,2022-04-28T11:00:12Z,UCAaGaynFpku5cAx6OOSrW-w,HoneyWorks OFFICIAL,10,2022-05-01T00:00:00Z,HoneyWorks,997057,96203,0,5164,https://i.ytimg.com/vi/zMmDCgYEyis/default.jpg,False,False
44,4Fk7E_kL2Us,会員しか泊まれない超高級ホテルに日本一ダサい夫婦が他人の力を借りて泊まりに行ってみた。,2022-04-29T11:00:02Z,UCAne8GG-iUcTzUkpQG4N7jw,しばなんといっしょ!,24,2022-05-01T00:00:00Z,家族|ポンス|しばなん|カップル|Youtuber|しばゆー|あやなん|東海オンエア|キッズチャンネル|子どもが喜ぶ|子ども|赤ちゃん|しばなんチャンネル,200250,4560,0,500,https://i.ytimg.com/vi/4Fk7E_kL2Us/default.jpg,False,False
45,ZN1MBVAWqPw,【屁理屈王】剣持刀也を言い負かせ！大人の口喧嘩対決！,2022-04-28T13:00:14Z,UCwi4P78SVunSYAGrvC9aKcw,ROF-MAO / ろふまおチャンネル【にじさんじ】,24,2022-05-01T00:00:00Z,[None],465296,0,0,980,https://i.ytimg.com/vi/ZN1MBVAWqPw/default.jpg,False,True
46,-UzvkINZ_n0,今後の活動について・・・,2022-04-28T11:00:26Z,UC4QadOSsJu54Qs8z99shRiQ,釣りよかでしょう。,17,2022-05-01T00:00:00Z,Fishing|bassfishing|釣り|バス釣り|ブラックバス|ブラックバス釣り|ライトショアジギング|ショアジギング|ジギング|佐賀よかでしょう|釣りよかでしょう|泳がせ釣り|アジング|エギング|佐賀|福岡|長崎|大分|熊本|宮崎|鹿児島|九州|おかっぱり|陸っぱり|野池|リザーバー|クリーク|川バス|バスフィッシング|ルアーフィッシング|船ジギング|タイラバ|ティップラン|貸しボート|アルミボート|よーらい|むねお|はた|こだま|とくちゃん|釣りよか|佐賀よか|まりも|飯よか|ゴルよか|三毛猫|遊漁船|DIY,391490,11228,0,840,https://i.ytimg.com/vi/-UzvkINZ_n0/default.jpg,False,False
47,u_hUpHUTJwQ,【original animation MV】マリン出航！！【hololive/宝鐘マリン】,2022-04-27T13:00:12Z,UCCzUftO8KOVkV4wQG1vkUvg,Marine Ch. 宝鐘マリン,24,2022-05-01T00:00:00Z,紫咲シオン|ホロライブ|バーチャルyoutuber|歌ってみた|大神ミオ|Vtuber|ホロライブゲーマーズ|ゲーム実況|実況|VTuber|バーチャルYouTuber|VR|白 上フブキ|湊あくあ|赤井はあと|ときのそら|ロボ子さん|夜空 メル|大空スバル|夏色まつり|さくらみこ|百鬼あやめ|ア キ・ローゼンタール|戌神ころね|猫又おかゆ|兎田ぺこら|潤羽るしあ|不知火フレア|白銀ノエル|宝鐘マリン|天音かなた|桐生ココ|姫森ルーナ|角巻わため|常闇トワ,2083132,230605,0,10921,https://i.ytimg.com/vi/u_hUpHUTJwQ/default.jpg,False,False
48,fejXdr-52S4,仕事帰りの変おじをもてなしてみた,2022-04-27T09:00:14Z,UCEAvwlv0ZtJrSsgaA2CewOw,きまぐれクックのサボり場,26,2022-05-01T00:00:00Z,捌き方|料理|釣り|きまぐれクック|音フェチ|ASMR,585538,9338,0,570,https://i.ytimg.com/vi/fejXdr-52S4/default.jpg,False,False
49,vKjaT9ZV59U,【マブダチ】平成フラミンゴにことディズニーデートしたら時間忘れて盛り上がったwwwww,2022-04-26T11:30:14Z,UCRxPrFmRHsXGWfAyE6oqrPQ,コムドット,24,2022-05-01T00:00:00Z,コムドット,3258331,106411,0,7951,https://i.ytimg.com/vi/vKjaT9ZV59U/default.jpg,False,False
50,7-Ac5K1C8d4,Fate/Grand Order カルデア放送局SP「マンガで分かる！Fate/Grand Order」コラボレーションイベント開幕記念放送,2022-04-27T11:31:12Z,UCXBgKqFxSjKADEuMLkc1Bpg,【公式】Fate/Grand Order チャンネル,20,2022-05-01T00:00:00Z,[None],545645,9862,0,133,https://i.ytimg.com/vi/7-Ac5K1C8d4/default.jpg,False,False
51,57SEhO-jIdI,BE:FIRST / Betrayal Game -Music Video-,2022-04-25T10:58:12Z,UCi_AquB9uaI3-9xXkuWG7IQ,BE:FIRST Official,10,2022-05-01T00:00:00Z,SKY-HI|スカイハイ|すかいはい|日高|ヒダカ|ひだか|日高光啓|AAA|トリプルエー|すっきり|ｽｯｷﾘ|sukkkiri|THEFIRST|ザファースト|ｻﾞﾌｧｰｽﾄ|ざふぁーすと|BMSG|ビーエムエスジー|ﾋﾞｰｴﾑｴｽｼﾞｰ|びーえむえすじー|ボーイズグループオーディション|ざすと|ザスト|ｻﾞｽﾄ|BEFIRST|ﾋﾞｰｽﾄ|ボーイズグループ|ﾎﾞｰｲｽﾞｸﾞﾙｰﾌﾟ|Boysgroup|BE:FIRST|JUNON|RYUHEI|LEO|SOTA|RYOKI|MANATO|SHUNTO|ジュノン|ｼﾞｭﾉﾝ|リュウヘイ|ﾘｭｳﾍｲ|レオ|ソウタ|ﾚｵ|ｿｳﾀ|リョウキ|ﾘｮｳｷ|マナト|ﾏﾅﾄ|シュント|ｼｭﾝﾄ|BESTY|Bye-Good-Bye|ByeGoodBye|ばいぐっばい|バイグッバイ|ドラマ|主題歌|eill|宮田“レフティ”リョウ|探偵が早すぎる|滝藤賢一|広瀬アリス|エイル|Betrayal Game|BetrayalGame|ビトレイアルゲーム|ﾋﾞﾄﾚｲｱﾙｹﾞｰﾑ,4345671,91582,0,15423,https://i.ytimg.com/vi/57SEhO-jIdI/default.jpg,False,False
52,mDB3UjA3sa4,MAN WITH A MISSION「More Than Words」,2022-04-27T12:00:21Z,UCy21ToKvBD45wUPaSLkr5NQ,mwamjapan,10,2022-05-01T00:00:00Z,MANWITHAMISSION|MWAM|マンウィズ|狼|Raiseyourflag|DarkCrow|Rememberme|database|10FEET|FLYAGAIN|Jeankenjohnny|TokyoTanaka|KamikazeBoy|Jean-Ken Johnny|DJSantaMonica|SpearRib|ゴジラvsコング|Godzilla|KONG,190648,10533,0,424,https://i.ytimg.com/vi/mDB3UjA3sa4/default.jpg,False,False
53,81fJ5d3jCDU,ヘリウムガスに負けたくない男,2022-04-27T09:10:53Z,UC49IcjbsspFVpukiVYN05Hg,ARuFa,24,2022-05-01T00:00:00Z,ARuFa|オモコロ|ヘリウムガス|歌|音程|声,671566,26684,0,1204,https://i.ytimg.com/vi/81fJ5d3jCDU/default.jpg,False,False
54,cleg0cN__z0,Snow Man 【ユニット曲】P.M.G.・360m・ADDICTED TO LOVE  YouTube Ver. From LIVE TOUR 2021 Mania,2022-04-27T08:00:26Z,UCuFPaemAaMR8R5cHzjy23dQ,Snow Man,10,2022-05-01T00:00:00Z,Snow Man|スノーマン|岩本 照|Hikaru Iwamoto|深澤 辰哉|Tatsuya Fukazawa|ラウール|Raul|渡辺 翔太|Shota Watanabe|向井 康二|Koji Mukai|阿部 亮平|Ryohei Abe|目黒 蓮|Ren Meguro|宮舘 涼太|Ryota Miyadate|佐久間 大介|Daisuke Sakuma|滝沢秀明|タッキー|アクロバット|P.M.G.|360m|ADDICTED TO LOVE|LIVE|ライブ,1394059,0,0,3100,https://i.ytimg.com/vi/cleg0cN__z0/default.jpg,False,True
55,HHXgVFfc_Go,BiSH / I have no idea. [OFFiCiAL ViDEO],2022-04-27T11:00:08Z,UCkb6emsbTQEv8ve2dfnuVIA,BiSH,10,2022-05-01T00:00:00Z,BiSH|ビッシュ|ロック|J-pop|楽器を持たないパンクバンド|ロッキン|Rock|アイナ・ジ・エンド|チッチ|モモコ|ハシヤスメ|アイナ|リンリン|アユニ|PEDRO|バンド|bish|邦ロック|オーケストラ|プロミスザスター,179821,8469,0,677,https://i.ytimg.com/vi/HHXgVFfc_Go/default.jpg,False,False
56,uKHq-ZwcIz8,飼い主を引っかいてケガさせちゃった猫の反応がこちらです…笑,2022-04-27T11:01:00Z,UCplhkHsYKxXjTde1lq8F-4w,もちまる日記,15,2022-05-01T00:00:00Z,[None],1378809,0,0,1558,https://i.ytimg.com/vi/uKHq-ZwcIz8/default.jpg,False,True
57,vP0NogqtdiE,山崎智也 電撃引退の真相を語る 第１回 ういちゃんねる,2022-04-27T09:24:24Z,UC7OY7QoDVh20gA1Rq9xc8FA,ういちゃんねる,24,2022-05-01T00:00:00Z,[None],239346,5600,0,469,https://i.ytimg.com/vi/vP0NogqtdiE/default.jpg,False,False
58,3nLQMExFGWo,【未公開トーク】神木隆之介＆松村北斗 本番前緊張!?車内トーク 4/28(木)『櫻井･有吉THE夜会』【TBS】,2022-04-27T13:00:04Z,UC1_FZLauVGh08u0eMKCte1g,【公式】TBS夜会チャンネル,24,2022-05-01T00:00:00Z,TBS|THE夜会|夜会ハウス|櫻井翔|有吉弘行,248949,8288,0,0,https://i.ytimg.com/vi/3nLQMExFGWo/default.jpg,True,False
59,39P1Gq9vYpA,【納車】あのバイクを買いました！最高です！！【バイク女子】,2022-04-27T12:00:15Z,UC-xyiQg7nnmiybnigfTuakQ,Ruriko_675,2,2022-05-01T00:00:00Z,バイク|バイク女子|Ruriko|モトブログ|ruriko_675|suzuki|hayabusa|納車|ツーリング|秋田|東北|女性ライダー|隼|gsx1300r,263185,6029,0,608,https://i.ytimg.com/vi/39P1Gq9vYpA/default.jpg,False,False
60,mCkXkNJ1WkA,JO1｜'With Us' Official Teaser 2,2022-04-27T09:00:32Z,UCsmXiDP8S40uBeJYxvyulmA,JO1,10,2022-05-01T00:00:00Z,PRODUCE101JAPAN|プデュ|日プ|川尻蓮|豆原一成|川西拓実|河野純喜|木全翔也|金城碧海|白岩瑠姫|佐藤景瑚|鶴房汐恩|與那城奨|大平祥生|JO1|じぇいおーわん|ジェイオーワン|TheSTAR|STARGAZER|PROTOSTAR|OhiraShosei|KawashiriRen|KawanishiTakumi|KimataSyoya|KinjoSukai|KonoJunki|SatoKeigo|ShioiwaRuki|TsuruboShion|MameharaIssei|YonashiroSho|OH-EH-OH|VOICE|MYFRIENDS|Shine a light|SAFETYZONE|無限大|RUNNING|GO|SOWAHT|ツカメ|YOUNG|GARANDMASTER|KUNGCHIKITA|MONSTAR|BEWITHYOU|HAPPYMERRYCHRISTMAS|伝えられるなら|CHALLENGER|Born To Be Wild|Dreaming Night|Design|제이오원|STRANGER|REAL,346787,23130,0,2594,https://i.ytimg.com/vi/mCkXkNJ1WkA/default.jpg,False,False
61,w03_v_g8iTg,離島の規格外に小魚が沸く海にルアーを投げたらとんでもないことにwww,2022-04-27T11:00:39Z,UC_zIUBYM5o2KWBhawCj1GaA,突撃!ヨネスケの釣り旅ch【日本一周編】,17,2022-05-01T00:00:00Z,ロックショア|青物|ヒラマサ|ブリ|真鯛|ショアレッド|ヒラスズキ|磯釣り|ルアー釣り|大物釣り|五島列島,697846,6487,0,511,https://i.ytimg.com/vi/w03_v_g8iTg/default.jpg,False,False
62,QrdcYFaZNxI,【#いろしゅば】初タイマンコラボ✨二人でマシュマロにきた質問を答えながらお話しする🔥【風真いろは/ホロライブ6期生】,2022-04-27T12:12:38Z,UC_vMYWcDjmfdpH6r4TTn1MQ,Iroha ch. 風真いろは - holoX -,24,2022-05-01T00:00:00Z,[None],213383,13793,0,135,https://i.ytimg.com/vi/QrdcYFaZNxI/default.jpg,False,False
63,7ELIZ6J8xZw,Message from BTS💜,2022-04-27T07:57:23Z,UCh7AOH7ar_5F90b7A2Yse7w,BTS Island: In the SEOM,22,2022-05-01T00:00:00Z,BTS|BTS Island,733750,92654,0,1797,https://i.ytimg.com/vi/7ELIZ6J8xZw/default.jpg,False,False
64,XF6P2v8AuL0,「ウマ娘 プリティーダービー」ぱかライブTV Vol.16,2022-04-26T12:59:44Z,UCAWxPGGuIfWME2KTLUmSCHw,ぱかチューブっ!,20,2022-05-01T00:00:00Z,ウマ娘|生放送|ぱかライブTV,752657,12647,0,318,https://i.ytimg.com/vi/XF6P2v8AuL0/default.jpg,False,False
65,hHrrOuWppfk,【デジタル禁止】激ムズクイズの答えを図書館で見つけ出せ！,2022-04-27T12:00:28Z,UCutJqz56653xV2wwSvut_hQ,東海オンエア,23,2022-05-01T00:00:00Z,[None],1376735,29451,0,1347,https://i.ytimg.com/vi/hHrrOuWppfk/default.jpg,False,False
66,sWAhUNe9vmk,試合を終えて。,2022-04-27T09:00:33Z,UC-GUnpgY8Er056ZUI_CdDOA,堀口恭司/Kyoji Horiguchi,22,2022-05-01T00:00:00Z,堀口恭司|格闘家|KyojiHoriguchi,275368,6873,0,702,https://i.ytimg.com/vi/sWAhUNe9vmk/default.jpg,False,False
67,7VwbzRHPRWw,今話題の件について里崎が語る【白井球審】【佐々木朗希】,2022-04-26T10:15:13Z,UCFCtAX45lgHcf4s0vAgAxww,Satozaki Channel,22,2022-05-01T00:00:00Z,プロ野球|野球選手|野球|広島|阪神|横浜DeNA|読売ジャイアンツ|中日|巨人|ソフトバンク|西武|楽天|清原|里崎智也|ピッチャー,435186,7171,0,2751,https://i.ytimg.com/vi/7VwbzRHPRWw/default.jpg,False,False
68,34u9lJWBLMc,BTS Become Game Developers: EP01,2022-04-26T12:11:05Z,UCh7AOH7ar_5F90b7A2Yse7w,BTS Island: In the SEOM,22,2022-05-01T00:00:00Z,BTS|BTS Island,2064480,204406,0,4485,https://i.ytimg.com/vi/34u9lJWBLMc/default.jpg,False,False
69,jY3lVfiBdvg,한국아이와 일본아이를 만난 사쿠라 ep.1 | ODG,2022-04-26T11:00:11Z,UCpjm6R2yqu1GZjYtsIiXR5w,odg,24,2022-05-01T00:00:00Z,[None],2496451,125410,0,5646,https://i.ytimg.com/vi/jY3lVfiBdvg/default.jpg,False,False
70,mkH7rVb6V68,Introducing CLAN CAPITAL! Clash of Clans Developer Update,2022-04-27T12:00:13Z,UCD1Em4q90ZUK2R5HKesszJg,Clash of Clans,20,2022-05-01T00:00:00Z,clash of clans|COC|Clash of Clans Gameplay|Clash of Clans Strategy|Clash of Clans Animation|Clash of Clans Commercial|Clash of Clans Attacks|Clash of Clans Town Hall|Hog Rider|PEKKA|Clan Wars|season challenges|clan war leagues|clash on|clan game|clan games|yt:cc=on|clan capital|forge|trader|capital gold|mountain golem|flying fortress|raid medals|clash of clans new update|developer update,5254541,213215,0,10426,https://i.ytimg.com/vi/mkH7rVb6V68/default.jpg,False,False
71,nOxlsgcsPzI,弁当業者に就職したウクライナ人女性～その後の生活は　福岡,2022-04-26T10:17:03Z,UCgrmHAblzN-QzMMgl2oNRog,RKB毎日放送NEWS,25,2022-05-01T00:00:00Z,[None],339312,3694,0,433,https://i.ytimg.com/vi/nOxlsgcsPzI/default.jpg,False,False
72,I36IQ3cEPAo,威風堂々 / Vivid BAD SQUAD × KAITO,2022-04-26T09:00:09Z,UCdMGYXL38w6htx6Yf9YJa-w,プロジェクトセカイ カラフルステージ! feat. 初音ミク,20,2022-05-01T00:00:00Z,初音ミク|プロジェクトセカイ|プロセカ|ボカロ|VOCALOID|ボーカロイド|鏡音リン|鏡音レン|リンレン|巡音ルカ|MEIKO|KAITO|音ゲー|リズムゲーム|ソシャゲ|スマホ向け|プレイ動画|MV,707417,72322,0,2484,https://i.ytimg.com/vi/I36IQ3cEPAo/default.jpg,False,False
73,cheYIVEtVQ4,Apex Legends: Saviors Launch Trailer,2022-04-25T15:00:09Z,UC0ZV6M2THA81QT9hrVWJG3A,Apex Legends,20,2022-05-01T00:00:00Z,apex legends|apex|apex legends season 13|apex legends saviors|apex legends trailer|apex trailer|apex legends season 13 trailer|apex season 13|エーペックス|apex legends newcastle|newcastle apex legends|apex legends saviors launch trailer|saviors launch trailer|apex saviors|apex legends arenas|apex legends game|respawn apex legends|battle royale|apex games|apex legends xbox|apex legends pc|apex legends origin|respawn entertainment|apex season 13 trailer,5312376,209524,0,12607,https://i.ytimg.com/vi/cheYIVEtVQ4/default.jpg,False,False
74,DVlkLdXhfkA,TSMに加入しました【渋谷ハル】,2022-04-26T12:00:05Z,UChLfthKoUV502J7gU9STArg,渋谷ハル,24,2022-05-01T00:00:00Z,[None],453627,13032,0,318,https://i.ytimg.com/vi/DVlkLdXhfkA/default.jpg,False,False
75,T8MTAXDzxFc,【沖縄最終日】沖縄で出会った最高のイケメン男の話,2022-04-27T11:00:21Z,UC9Wl5AzCQzp2esQ7uVoQz0g,とうあ,22,2022-05-01T00:00:00Z,[None],445649,10550,0,317,https://i.ytimg.com/vi/T8MTAXDzxFc/default.jpg,False,False
76,Au4Zroq90cU,NiziU(니쥬) Digital Single 「ASOBO -English ver.-」 M/V,2022-04-25T15:00:04Z,UCaO6TYtlC8U5ttz62hTrZgg,JYP Entertainment,10,2022-05-01T00:00:00Z,JYP Entertainment|JYP,1205247,68606,0,3340,https://i.ytimg.com/vi/Au4Zroq90cU/default.jpg,False,False
77,_vLoGo8aPL4,【ノーカット】知床沖観光船事故 運航会社社長会見（2022年4月27日）,2022-04-27T13:37:02Z,UCuTAXTexrhetbOe3zgskJBQ,日テレNEWS,25,2022-05-01T00:00:00Z,news|ニュース|日テレNEWS|日テレ|最新情報|NEWS|事件|事故|地震|政治|社会|国際|首相|大統領,572611,1361,0,279,https://i.ytimg.com/vi/_vLoGo8aPL4/default.jpg,False,False
78,xqzAk11sXao,はじめまして、黒田アキです！　〜坂上家ニューファミリー！２３番目の末っ子 初登場！〜,2022-04-26T11:00:23Z,UCUYk7t7glHFqIZ3rwN1dY6A,坂上家のチャンネル,24,2022-05-01T00:00:00Z,[None],585595,22082,0,591,https://i.ytimg.com/vi/xqzAk11sXao/default.jpg,False,False
79,IrytpJhcOsM,映画『モエカレはオレンジ色』本予告【2022年7月8日(金)全国公開】,2022-04-25T21:59:56Z,UCulneJtjMARpEHhWQTlGa6w,松竹チャンネル/SHOCHIKUch,24,2022-05-01T00:00:00Z,松竹|映画|岩本照|生見愛瑠|モエカレはオレンジ色|少女漫画|胸キュン|村上正典|山岡潤平|モエカレはオレンジ色 123351|永瀬莉子|古川雄大|上杉柊平|藤原大祐|浮所飛貴|鈴木仁,862136,18284,0,0,https://i.ytimg.com/vi/IrytpJhcOsM/default.jpg,True,False
80,N-bdKXQcGiM,TVアニメ「パリピ孔明」挿入歌「Be Crazy For Me」（EIKO Starring 96猫）フル尺スペシャルMusic Video,2022-04-25T10:00:21Z,UCKlXiCjg_VI0eZ9kKBeNJgw,avex pictures,1,2022-05-01T00:00:00Z,パリピ孔明|96猫|スペシャルMusic Video,2145748,82315,0,2459,https://i.ytimg.com/vi/N-bdKXQcGiM/default.jpg,False,False
81,ik8xOEsmCsQ,レベルを持つポケモンカードでエクシーズ召喚したらヤバすぎたｗｗｗ,2022-04-26T08:00:11Z,UClzY_2nmb6Lgq5ScgdTR_jQ,愛の戦士チャンネル,20,2022-05-01T00:00:00Z,愛の戦士|ゲーム|ゲーム実況|ポケモンカード|ポケカ|とりっぴぃ|遊戯王|エクシーズ|グスタフマックス|セブンシンズ|ランスロット|マチスのピカチュウ|旧裏|サカキのニャース|ナツメのゴース,287737,5495,0,1009,https://i.ytimg.com/vi/ik8xOEsmCsQ/default.jpg,False,False
82,fm1PvjaXrnc,UHA味覚糖　カヌレット『バースデー』篇,2022-04-26T01:00:10Z,UCS3qzX-Y0y_X8AWkt379ZWA,UHA味覚糖公式チャンネル,24,2022-05-01T00:00:00Z,[None],1219096,0,0,0,https://i.ytimg.com/vi/fm1PvjaXrnc/default.jpg,True,True
83,9YquL1-bM84,TWICE 緊急告知,2022-04-25T12:19:52Z,UCCRb6nYKaT8tzLA8CwDdUtw,TWICE JAPAN OFFICIAL YouTube Channel,10,2022-05-01T00:00:00Z,TWICE|トワイス|トゥワイス|ナヨン|ジョンヨン|モモ|サナ|ジヒョ|ミナ|ダヒョン|チェヨン|ツウィ|K-POP|TT|Official Music Video|ONCE,1500339,97004,0,3318,https://i.ytimg.com/vi/9YquL1-bM84/default.jpg,False,False
84,b8zCjuf8twQ,高木豊『佐々木朗希と松川には〇〇が足りない』白井球審の態度に物申す【プロ野球ニュース】,2022-04-24T09:51:13Z,UCgr5CkgytiVfdnk4C0M42nQ,高木 豊 Takagi Yutaka,17,2022-05-01T00:00:00Z,プロ野球|野球選手|野球|広島|阪神|横浜DeNA|読売ジャイアンツ|中日|巨人|ソフトバンク|西武|楽天|清原|高木豊|ピッチャー,1280559,13234,0,3977,https://i.ytimg.com/vi/b8zCjuf8twQ/default.jpg,False,False
85,L4zB_h7zUAM,アメリカのスーパー異次元過ぎた,2022-04-25T11:01:00Z,UCEReo3ko80VlilHyIM-Lm9Q,ほのぼのかいちゃんねる,22,2022-05-01T00:00:00Z,朝倉海|KAIChannel|かいちゃんねる,232790,5071,0,637,https://i.ytimg.com/vi/L4zB_h7zUAM/default.jpg,False,False
86,YiTMyu-r_Ko,[PREVIEW] BTS (방탄소년단) ‘2021 MUSTER SOWOOZOO’ SPOT,2022-04-25T15:00:01Z,UCLkAepWjdylmXSltofFvsYQ,BANGTANTV,10,2022-05-01T00:00:00Z,방탄소년단|BTS|BANGTAN|알엠|RM|슈가|SUGA|제이홉|jhope|지민|정국|k-pop|방탄|j-hope|Jung Kook|Jimin|BTS V|Jin,3295003,725843,0,19504,https://i.ytimg.com/vi/YiTMyu-r_Ko/default.jpg,False,False
87,SastgQ8RraU,行方不明だったMYをついに発見しました【イギリス編】,2022-04-25T11:55:09Z,UCSmIO01FO8IxQo-6yL63BzA,チャンネルがーどまん Channel guard man,24,2022-05-01T00:00:00Z,がーどまん|ガードマン|がーどまんドッキリ|ガードマンドッキリ|ガードマンラップ|MY|ドッキリ|マジギレ|ラップ|MCバトル|フリースタイル|チャンネルガードマン|チャンネルがーどまん|ロンドン|イギリス|発見|ブチギレ|大喧嘩|ビックベン,1258672,36958,0,3740,https://i.ytimg.com/vi/SastgQ8RraU/default.jpg,False,False
88,Z9b0Hj-BfaM,[MV] 지민(Jimin) X 하성운(Ha Sung-Woon) - With you | 우리들의 블루스(Our Blues) OST Part 4,2022-04-24T14:00:11Z,UCx_IoWPI_v4jI230YSvAHWQ,냠냠엔터테인먼트 YAMYAM ENTERTAINMENT,10,2022-05-01T00:00:00Z,우리들의 블루스 ost|지민|하성운|With you|Jimin|Ha Sung-Woon|Our Blues|MV|With you MV|뮤직비디오|방탄소년단|BTS,8153792,920966,0,96004,https://i.ytimg.com/vi/Z9b0Hj-BfaM/default.jpg,False,False
89,q36-ZlQ5Ujo,【特集】避難のウクライナ人福岡の「いちご農園」に就職－３歳娘の手を引き１万キロ,2022-04-25T09:59:57Z,UCgrmHAblzN-QzMMgl2oNRog,RKB毎日放送NEWS,25,2022-05-01T00:00:00Z,[None],376095,3869,0,513,https://i.ytimg.com/vi/q36-ZlQ5Ujo/default.jpg,False,False
90,Ux5ppMiPMfY,NiziU「ASOBO」Performance Movie (日本テレビ「スッキリ」 OA),2022-04-24T11:00:29Z,UCHp2q2i85qt_9nn2H7AvGOw,NiziU Official,24,2022-05-01T00:00:00Z,[None],1118793,34210,0,1856,https://i.ytimg.com/vi/Ux5ppMiPMfY/default.jpg,False,False
91,JtmsxGVdzjk,球審白井が佐々木朗希に注意騒動を解説します,2022-04-24T13:18:44Z,UCKa1VlSq1WwdSQWv4JFdgxg,デーブ大久保チャンネル,17,2022-05-01T00:00:00Z,プロ野球|野球選手|野球|広島|阪神|横浜DeNA|読売ジャイアンツ|中日|巨人|ソフトバンク|西武|楽天|清原|デーブ大久保|ピッチャー,360323,4157,0,1343,https://i.ytimg.com/vi/JtmsxGVdzjk/default.jpg,False,False
92,xUxb5Vzv5_k,僕の格好いい寝室を紹介します！！！,2022-04-25T11:00:22Z,UCigMkMDZjvLhXAQ67wKQIbA,ブラーボりょうのボンサバドゥ!チャンネル,22,2022-05-01T00:00:00Z,[None],303448,6229,0,434,https://i.ytimg.com/vi/xUxb5Vzv5_k/default.jpg,False,False
93,KYV2Qi00bDY,【緊急配信③】佐々木朗希“威圧”騒動･･･判定トラブルを語る！,2022-04-25T09:33:38Z,UCU77bY7q28jGPYlDn089gfg,ミスターパーフェクト槙原,17,2022-05-01T00:00:00Z,野球|巨人|槙原|プロ野球|完全試合,178524,2705,0,589,https://i.ytimg.com/vi/KYV2Qi00bDY/default.jpg,False,False
94,W3rex6S0oXg,【神回】いちえと田舎デートしたらアホすぎて腹筋崩壊したwwwww,2022-04-25T11:30:15Z,UCRxPrFmRHsXGWfAyE6oqrPQ,コムドット,24,2022-05-01T00:00:00Z,コムドット,1633758,42813,0,3005,https://i.ytimg.com/vi/W3rex6S0oXg/default.jpg,False,False
95,QQbwqcBZggU,ワンオクTakaさんに急遽お会いして頭が真っ白になった,2022-04-24T10:00:13Z,UCFbp2XdRpKfk7mYt_uT8dxw,Kevin's English Room / 掛山ケビ志郎,24,2022-05-01T00:00:00Z,English|Kevin's English room|Kevin|英語|ケビン|tiktok|アメリカ|アメリカ人|おもしろ|英文法|ケビンズイングリッシュ|授業|勉強|ためになる|日本語|教育|学習|発音|翻訳|kevin's english room|イントネーション|流行|ステイホーム|検証|リスニング|歌手|ボーカル|音楽|アーティスト|評価|学校|バイリンガル|バイリンガール|爆笑|ジョージア|留学|英語フレーズ|日本語訳|英和|井上ジョー|TOEIC|TOEFL|グローバル|オススメ|ネイティブ|英語ネイティブ|海外生活|国際恋愛|国際結婚|英会話|語学留学|海外留学|大学|東大|早稲田|慶應|上智|一橋|京大|バラエティ|stayhome|TikTok|インスタ|語学|掛山ケビ志郎|かけ|やま|Twitter|入試|受験|Instagram|掛山ケビン|IQ|高IQ|マルチリンガル|トリリンガル|HIPPO|多言語|ワンオク|ONE OK ROCK|Taka|Toru|佐藤健|ガーシー|東谷|ワンオクロック,991628,46301,0,1556,https://i.ytimg.com/vi/QQbwqcBZggU/default.jpg,False,False
96,hv1i0S3Mxrk,仲良しの黒島結菜さんと沖縄料理を作りました！【cooking】,2022-04-24T11:00:15Z,UCdaFyOoPLyKwW8kvEvbHCwg,杏/anne TOKYO,24,2022-05-01T00:00:00Z,[None],963857,19331,0,707,https://i.ytimg.com/vi/hv1i0S3Mxrk/default.jpg,False,False
97,zc0u-WEv_Os,落合博満　ロッテ・佐々木朗希投手と白井球審の騒動を語る【落合博満のオレ流チャンネル】,2022-04-26T09:00:33Z,UCP4ORJd6Knja3kAL40F6YXg,【公式】落合博満のオレ流チャンネル,22,2022-05-01T00:00:00Z,落合博満|落合|博満|野球|プロ野球|野球選手|三冠王|三塁手|一塁手|バッター|神主打法|中日|中日ドラゴンズ|ロッテ|オリオンズ|心眼|本塁打|ホームラン|巨人|読売|ジャイアンツ|読売ジャイアンツ|監督|落合監督|中日監督|セ・リーグ|パ・リーグ|日本シリーズ|バッティング|日本野球|日米野球|basaball|baseballjapan|落合博満オレ流チャンネル|オレ流|オレ流チャンネル|野球解説|YouTube開設|ホームラン王|打点王|６番|采配|バット|サイン|打撃論|落合博満YouTube|落合YouTube|秋田県|東洋大学|秋田県立秋田工業高等高校．オリックス．山本由伸．野村克也．田中将大．江夏豊,584418,9374,0,864,https://i.ytimg.com/vi/zc0u-WEv_Os/default.jpg,False,False
98,9WZauK3UQQg,【決死の避難】戦地から大阪へ･･･ウクライナ人の女性（37）と息子（13）の新生活【支援の輪広がる】,2022-04-26T09:59:11Z,UCPW-5qfYGNR8XYrvESrqJKA,ABCテレビニュース,25,2022-05-01T00:00:00Z,ウクライナ侵攻|ロシア|戦争|涙腺崩壊|涙|怒り|過酷|ABC|朝日放送|newsおかえり|特集|ニュース|ドキュメンタリー|プーチン|ゼレンスキー,205633,2281,0,195,https://i.ytimg.com/vi/9WZauK3UQQg/default.jpg,False,False
99,b1c5rP4DLro,【MINI PARK 2022】モンストニュース【モンスト公式】,2022-04-24T11:39:56Z,UCd9BXPj-KcMTh0HiB-Vlb8A,モンスト（モンスターストライク）公式,20,2022-05-01T00:00:00Z,モンスト|モンスト公式|モンスターストライク|Monster Strike|モンストニュース|モンスト最新|MINI PARK 2022|ミニパ|獣神化|獣神化・改,1259957,13502,0,770,https://i.ytimg.com/vi/b1c5rP4DLro/default.jpg,False,False
100,haRQaRDEn5k,【男気】100万人越えYouTuberがUSJで豪遊したらとんでもない事に！？！？,2022-04-25T11:00:17Z,UCP-32CzsbLiiIb2LbYk8mZA,Lazy Lie Crazy【レイクレ】,23,2022-05-01T00:00:00Z,レイクレ|バスケ|nba|ともやん|急上昇|コムドット|どば師匠|てっちゃん|たかし|ぺろ愛男爵|ダッシュ|運動|体力測定|体育館|東海オンエア|はじめしゃちょー|シルクロード|フィッシャーズ|はなお|神回|地獄|1on1|八村塁|ユニバ|USJ|大豪遊|豪遊|男気|男気じゃんけん|とんねるず|破産,584350,16034,0,1203,https://i.ytimg.com/vi/haRQaRDEn5k/default.jpg,False,False
101,sRE-vsF_6pE,【第１回】名古屋モーターサイクルショー てつやバイク購入即決定！？,2022-04-25T14:32:06Z,UC1xd0cAOryAMTTG34joEgdg,おまんじゅう,24,2022-05-01T00:00:00Z,[None],373542,5018,0,302,https://i.ytimg.com/vi/sRE-vsF_6pE/default.jpg,False,False
102,WRPuO7zIDp4,NiziU「ASOBO」Dance Performance Video,2022-04-23T11:00:13Z,UCHp2q2i85qt_9nn2H7AvGOw,NiziU Official,24,2022-05-01T00:00:00Z,[None],2387783,66590,0,3913,https://i.ytimg.com/vi/WRPuO7zIDp4/default.jpg,False,False
103,GeowvH2cKPg,オリンピック顔負けのショット連発！カーリング風ボドゲで対決！＃くろなん,2022-04-25T12:00:12Z,UCz6vnIbgiqFT9xUcD6Bp65Q,ChroNoiR,24,2022-05-01T00:00:00Z,chronoir|くろのわーる|クロノワール|葛葉|叶|にじさんじ|nijisanji|VTuber|カーリング|テーブルカーリング|ボードゲーム|ボドゲ,160320,10908,0,203,https://i.ytimg.com/vi/GeowvH2cKPg/default.jpg,False,False
104,xKLEiJJjafc,【UberEats】ガチ寝起きすっぴんで大食い‼︎最近の恋終わってる。,2022-04-24T11:00:33Z,UCCuizDTLsr-mNm_PEGdChVg,ふくれな/fukurena,24,2022-05-01T00:00:00Z,ふくれな|fukurena|大食い|ウーバーイーツ|Uber|独身|デブ活|爆食|おもしろ|マック|スタバ|パンケーキ|すっぴん|ズボラ|ふくれな|fukurena|大食い|ウーバーイーツ|Uber|独身|デブ活|爆食|おもしろ|マック|スタバ|パンケーキ|すっぴん|ズボラ|ふくれな|fukurena|大食い|ウーバーイーツ|Uber|独身|デブ活|爆食|おもしろ|マック|スタバ|パンケーキ|すっぴん|ズボラ,621448,15742,0,562,https://i.ytimg.com/vi/xKLEiJJjafc/default.jpg,False,False
105,oiBLJPvGNc8,[MIX & MAX] ENHYPEN JUNGWON & NI-KI (정원&니키) 'Bleeding Darkness' (4K),2022-04-23T14:40:03Z,UCEIi7zFR_wE23jFncVtd6-A,STUDIO CHOOM [스튜디오 춤],24,2022-05-01T00:00:00Z,M2|엠투|스튜디오 춤|스춤|Studio choom|COVERS|커버스|DANCE THE X|댄스 더 엑스|댄스|DANCE|비 오리지널|BE ORIGINAL|커버|COVER|엔하이픈|enhypen|ENHYPEN|정원|니키|양정원|JUNGWON|NIKI|믹스앤맥스|MIX & MAX|mix and max|mix n max|정원 니키|엔하이픈 정원 니키|니키 정원|choreo|choreography,4132581,664100,0,39013,https://i.ytimg.com/vi/oiBLJPvGNc8/default.jpg,False,False
106,nRKJBpFFsuI,『SPY×FAMILY』エンディング主題歌アニメ映像（ノンクレジット）／“SPY × FAMILY” Ending theme song animation,2022-04-23T14:26:13Z,UC14Yc2Qv92DMuyNRlHvpo2Q,TOHO animation チャンネル,1,2022-05-01T00:00:00Z,東宝|TOHO|anime|公式|オフィシャル|アニメ|Entertainment|配給|宣伝|キャラクター|声優|SPY|SPY×FAMILY|スパイファミリー|ジャンプ|ジャンプ＋|少年ジャンプ＋|遠藤達哉|江口拓也|種﨑敦美|早見沙織|アーニャ|ロイド|ヨル|フォージャー|星野源|Official髭男dism,3355283,0,0,0,https://i.ytimg.com/vi/nRKJBpFFsuI/default.jpg,False,True
107,ix9_dWrC2ec,ちゃんみな - 美人 / THE FIRST TAKE,2022-04-22T13:00:14Z,UC9zY_E8mcAo_Oq772LEZq8Q,THE FIRST TAKE,10,2022-05-01T00:00:00Z,the first take|first take|ファーストテイク|ファステク|一発撮り|緊張感|COLORS|DSCVR|Tokyo sounds|lute|tiny desk|ちゃんみな|CHANMINA|美人|HIPHOP|RAP|BIJIN|びじん|ビジン,3305764,164087,0,4631,https://i.ytimg.com/vi/ix9_dWrC2ec/default.jpg,False,False
108,HbkBVxU5K5A,BTS (방탄소년단) 'Butter' @ The 64th GRAMMY Awards,2022-04-23T01:00:03Z,UCLkAepWjdylmXSltofFvsYQ,BANGTANTV,10,2022-05-01T00:00:00Z,방탄소년단|BTS|BANGTAN|알엠|RM|슈가|SUGA|제이홉|jhope|지민|정국|k-pop|방탄|j-hope|Jung Kook|Jimin|BTS V|Jin,9651432,1380539,0,58885,https://i.ytimg.com/vi/HbkBVxU5K5A/default.jpg,False,False
109,5kyZwvQQRxk,【沖縄旅行】オープンカーでいきる女達【ただの爆食動画】,2022-04-24T10:00:04Z,UC9Wl5AzCQzp2esQ7uVoQz0g,とうあ,22,2022-05-01T00:00:00Z,[None],713358,14430,0,441,https://i.ytimg.com/vi/5kyZwvQQRxk/default.jpg,False,False
110,sSdDCPUgQEo,｢これあの国旗っぽいなぁ｣って写真をたくさん撮ってこようバトル！,2022-04-24T12:14:27Z,UCutJqz56653xV2wwSvut_hQ,東海オンエア,23,2022-05-01T00:00:00Z,[None],1871966,39715,0,1964,https://i.ytimg.com/vi/sSdDCPUgQEo/default.jpg,False,False
111,zltc7G4umIU,ボケとひらめきで大忙し！今回も騒がしいぞ【PICO PARK】,2022-04-23T08:00:31Z,UCvmTVIw2ZCJg49XHR0OoSAg,Johnny's Gaming Room,20,2022-05-01T00:00:00Z,[None],815321,33171,0,2268,https://i.ytimg.com/vi/zltc7G4umIU/default.jpg,False,False
112,ZBc6eu4pw6w,【エルデンリング ガチ解説】ある意味ヤバイ、フロムの呪われた神の系譜【考察】,2022-04-23T12:00:15Z,UClZbsg62vR15B9unTny4bVw,上級騎士なるにぃ,20,2022-05-01T00:00:00Z,エルデンリング|考察|なるにぃ|解説|ELDEN RING|FromSoftware|なるにい|上級騎士なるにぃ,559886,10940,0,725,https://i.ytimg.com/vi/ZBc6eu4pw6w/default.jpg,False,False
113,J551WSom3Nk,【牛宮城トーク】FUJIWARAと「雨上がり解散事件」を振り返ります,2022-04-23T10:00:10Z,UCtubooLn_qgqoWsWS-UWuHw,宮迫ですッ!【宮迫博之】,24,2022-05-01T00:00:00Z,宮迫博之|お笑い|宮迫ですっ！|エンターテイメント|芸能|芸人|雨上がり決死隊|YouTube|動画|トーク|初心|感謝|頑張ります|FUJIWARA|フジモン|原西|牛宮城|焼肉,591573,11998,0,851,https://i.ytimg.com/vi/J551WSom3Nk/default.jpg,False,False
114,m6mekojM1VQ,【重大報告】フィッシャーズから皆様に報告がございます。,2022-04-25T10:00:13Z,UCibEhpu5HP45-w7Bq1ZIulw,Fischer's-フィッシャーズ-,24,2022-05-01T00:00:00Z,Fischer's|フィッシャーズ|野生児|MASAI.|無謀|自然|チャレンジ|シルクロード|マッチョ|マサイ|ザカオ|ンダホ|ダーマ|モトキ|おもしろ|挑戦|SilkRoad|Dama|Ndaho|Zakao|Motoki|Masai|シルクの部屋|毎日|動画|投稿|面白|面白動画|やってみた|ウケる|爆笑|大爆笑|コント|一発芸|ギャグ|ネタ|楽しい|お笑い|笑える|オススメ|商品紹介|YouTube|youtuber|Japan|japanese|Blog|Vlog|腹筋崩壊|抱腹絶倒|都市伝説|身体張る|スポーツ|講座|ビログ|ビデオブロガー|大学生|軍団|イケメン|ウオタミ|UUUM|ウーム|dotene|お金|グミ|発売|リリース|ブランド|重大報告|報告|進化|どてね|マスコット|キャラ|キャラクター|商品|開発|新商品|グッズ|大事|大切|よく遊んで|概要|説明|遊び|ゲーム|お菓子|おやつ,1492229,36750,0,1838,https://i.ytimg.com/vi/m6mekojM1VQ/default.jpg,False,False
115,JEAI7aZ_rd4,#122【裏側公開】発表した瞬間はこんな感じでした!!,2022-04-23T12:54:34Z,UC2alHD2WkakOiTxCxF-uMAg,ジャにのちゃんねる,24,2022-05-01T00:00:00Z,[None],2607713,0,0,6241,https://i.ytimg.com/vi/JEAI7aZ_rd4/default.jpg,False,True
116,zT46Q2-pkbE,【心霊】やーかずコラボ！とり憑かれろ！！心霊スター対決【玄岳ドライブイン】,2022-04-23T12:00:19Z,UCn1r5gI0ZyzYQqC44GOvKpg,デニスの怖いYouTube,24,2022-05-01T00:00:00Z,心霊|廃墟|デニス|お笑い芸人|都市伝説|怖い話|植野行雄|松下宣夫|怪奇現象|吉本自宅劇場|怪談|ゾッとする話|japanese horror|ghost videos|scary|urban legend|ghost footage|ghost hunter|creepy|ruins|怖い|心霊写真|心霊スポット|閲覧注意|ガチ|玄岳ロープウェイ,299500,7389,0,860,https://i.ytimg.com/vi/zT46Q2-pkbE/default.jpg,False,False
117,evlx4WwvCVQ,麺屋ンダホ開店！ラーメンができるまでのみんなの会話が面白すぎた！？,2022-04-24T12:41:55Z,UCs4KWxdP-lRc-dgLXE5i8Wg,Fischer's-セカンダリ-,24,2022-05-01T00:00:00Z,Fischer's|フィッシャーズ|野生児|MASAI.|無謀|自然|チャレンジ|シルクロード|マッチョ|マサイ|ぺけたん|ザカオ|ンダホ|ダーマ|モトキ|おもしろ|挑戦|SilkRoad|Dama|Peketan|Ndaho|Zakao|Motoki|Masai|シルクの部屋|毎日|動画|投稿|面白|面白動画|やってみた|ウケる|爆笑|大爆笑|コント|一発芸|ギャグ|ネタ|楽しい|お笑い|笑える|オススメ|商品紹介|YouTube|youtuber|Japan|japanese|Blog|Vlog|腹筋崩壊|抱腹絶倒|都市伝説|身体張る|スポーツ|講座|ビログ|ビデオブロガー|大学生|軍団|イケメン|ウオタミ|UUUM|ウーム|ラーメン|ラーメン屋|茹でる|家系ラーメン|天下一品,398694,9234,0,301,https://i.ytimg.com/vi/evlx4WwvCVQ/default.jpg,False,False
118,7HiaaZUxmFE,【かんりおチャンネル】2人は親友になりました,2022-04-25T09:00:04Z,UCdEpbrlHoqnUGMRy2LICtRw,カジサックの小部屋,24,2022-05-01T00:00:00Z,カジサック|KAJISAC|キングコング|キンコン|梶原|西野|吉本|お笑い|芸人|Youtuber|OMO|カジサックの部屋|吉本興業|よしもとクリエイティブエージェンシー|かじさっく|カジサックの小部屋|#吉本自宅劇場,326632,10566,0,1164,https://i.ytimg.com/vi/7HiaaZUxmFE/default.jpg,False,False
119,DydPIyrwSLY,マネルケイプがUFC欠場になった件について,2022-04-23T12:01:34Z,UCEReo3ko80VlilHyIM-Lm9Q,ほのぼのかいちゃんねる,22,2022-05-01T00:00:00Z,朝倉海|KAIChannel|かいちゃんねる,322458,5861,0,697,https://i.ytimg.com/vi/DydPIyrwSLY/default.jpg,False,False
120,ShQU4JHoPVs,TVアニメ「パリピ孔明」挿入歌「Shooting Star」（EIKO Starring 96猫）フル尺スペシャルMusic Video,2022-04-25T10:00:21Z,UCKlXiCjg_VI0eZ9kKBeNJgw,avex pictures,1,2022-05-01T00:00:00Z,パリピ孔明|96猫|スペシャルMusic Video,523727,21948,0,302,https://i.ytimg.com/vi/ShQU4JHoPVs/default.jpg,False,False
121,RvIqpCCXnco,【デブ】悔いも飯も絶対残すな！今日も爆食！立山カロリーvol.62,2022-04-23T12:16:34Z,UCYs35nWy7aTUBA4w8LcSCjQ,ブチかまし,24,2022-05-01T00:00:00Z,[None],233886,2746,0,380,https://i.ytimg.com/vi/RvIqpCCXnco/default.jpg,False,False
122,wEkpj_HG9RA,芦澤竜誠のTHE MATCH 2022 -記者会見の裏側まで全部見せます-,2022-04-23T15:15:49Z,UCaAYPF-OGgKrKHb1_U4ui5A,芦澤竜誠,22,2022-05-01T00:00:00Z,芦澤竜誠|K-1|武尊|格闘技|キックボクシング|那須川天心|THE MATCH 2022|YA-MAN|RISE,270956,3168,0,772,https://i.ytimg.com/vi/wEkpj_HG9RA/default.jpg,False,False
123,pgmoGwPATJ4,【ハイライト】PXB87 武居 由樹 vs 河村 真吾,2022-04-23T11:00:22Z,UCV1AsvsYD-iaTbL812WeSJA,PXB OFFICIAL,17,2022-05-01T00:00:00Z,[None],398539,2682,0,530,https://i.ytimg.com/vi/pgmoGwPATJ4/default.jpg,False,False
124,tavanon9QFM,【ご報告】緊急入院と今後の企画について,2022-04-23T09:06:45Z,UCQXwvYkiHyEfzV66-fols3w,竹原テレビ,24,2022-05-01T00:00:00Z,竹原慎二|ガチンコファイトクラブ|ガチンコ|ボクシング|格闘技|k-1|ボクサー|チャンピョン|チャンピオン|boxer|竹原,1069863,18188,0,1475,https://i.ytimg.com/vi/tavanon9QFM/default.jpg,False,False
125,y5FIjwTe97U,上沼恵美子がお姉ちゃんと有馬温泉で結婚生活、夫婦の難しさについて語り合いました。【後編】,2022-04-23T08:00:15Z,UCxuuuG_hArKRyRWQaBhznPA,上沼恵美子ちゃんねる,24,2022-05-01T00:00:00Z,上沼恵美子|上沼恵美子ちゃんねる|海原千里万里|夫婦|結婚|悩み|温泉,347026,10463,0,492,https://i.ytimg.com/vi/y5FIjwTe97U/default.jpg,False,False
126,fqHgwEYu4bk,とうあと沖縄旅行初日から笑いすぎて死んだwwww,2022-04-23T09:00:30Z,UCJFWdjpYDIPe8Pdhmusnlgg,中町綾チャンネル,24,2022-05-01T00:00:00Z,あや|サブリナ|あやサブ|中町あや|中町綾|井上ありさ|メイク|可愛い|JK|JC|女子高生|インスタグラム|インスタ|TikTok|キレイ|ファッション|女子|女子力,799557,19246,0,560,https://i.ytimg.com/vi/fqHgwEYu4bk/default.jpg,False,False
127,fH3zZ0xfl8E,ヒカルの熱愛報道をディズニー前に相馬と祝ってみたwwww,2022-04-24T11:00:23Z,UCBtuFiLjcevA5gLfWgeiRzw,Rちゃん,22,2022-05-01T00:00:00Z,[None],218030,7971,0,387,https://i.ytimg.com/vi/fH3zZ0xfl8E/default.jpg,False,False
128,pyqllBrszXQ,マルコスついに新しい車に乗り換える！？,2022-04-23T11:00:23Z,UCNmjvVzmY-SH4XBSA8ivLnQ,マルコス 釣り名人への道,17,2022-05-01T00:00:00Z,[None],437321,6120,0,263,https://i.ytimg.com/vi/pyqllBrszXQ/default.jpg,False,False
129,s58CO0rmJEg,【ジャにの24】#1 地上波初登場に緊張しまくりでボイパまで…,2022-04-23T12:54:00Z,UC2alHD2WkakOiTxCxF-uMAg,ジャにのちゃんねる,24,2022-05-01T00:00:00Z,[None],1807698,0,0,3177,https://i.ytimg.com/vi/s58CO0rmJEg/default.jpg,False,True
130,pjsflXRD95Y,【初代・堂本剛×5代目・道枝駿佑】金田一少年の事件簿放送直前スペシャル　金田一meets金田一【初回はいよいよ4月24日（日）夜10時スタート！初回30分拡大！】,2022-04-23T14:00:18Z,UCCJge2nWVQwnJj9BxQMecWg,日テレドラマ公式チャンネル,24,2022-05-01T00:00:00Z,ドラマ|日曜ドラマ|金田一少年の事件簿|金田一|五代目金田一|道枝駿佑|なにわ男子|みっちー|堂本剛|松本潤|亀梨和也|山田涼介|ジャニーズ|金田一一|はじめちゃん|七瀬美雪|美雪|剣持警部|剣持勇|佐木竜太|佐木くん|日本テレビ|日テレ|NTV,522187,0,0,0,https://i.ytimg.com/vi/pjsflXRD95Y/default.jpg,True,True
131,-tP_re3z9Dw,INI｜'MR. TAXI' Practice Video,2022-04-23T06:00:00Z,UCc-itdQHxLvUlPrDxIiSJrA,INI,24,2022-05-01T00:00:00Z,INI|アイエヌアイ|PRODUCE101|아이앤아이|池﨑理人|尾崎匠海|木村柾哉|後藤威尊|佐野雄大|許 豊凡|髙塚大夢|田島将吾|西洸人|藤牧京介|松田迅,570362,28568,0,1746,https://i.ytimg.com/vi/-tP_re3z9Dw/default.jpg,False,False
132,z2JmKR_STSw,"Brawl Stars: Brawl Talk - 2 Brawlers, Bot Drop Game Mode, Sprays, and MORE!",2022-04-23T15:00:13Z,UCooVYzDxdwTtGYAkcPmOgOw,Brawl Stars,20,2022-05-01T00:00:00Z,brawl stars|mobile game|mobile strategy game|mobile rpg|mobile battle royale|battle royale|supercell game|new brawler|stuntshow|brawltalk|brawl talk|stunt show|stu|brawler|sprays|janet|bonnie|bot drop,10285195,535646,0,29784,https://i.ytimg.com/vi/z2JmKR_STSw/default.jpg,False,False
133,M8VLTtskZTY,限界です。,2022-04-23T03:00:08Z,UCg4nOl7_gtStrLwF0_xoV0A,SeikinTV,24,2022-05-01T00:00:00Z,セイキン|seikin|SeikinTV|TV|せいきん|セイキンTV|せいきんTV|YouTuber|ユーチューバー|UUUM|ウーム|兄弟|HIKAKIN & SEIKIN|花粉症|アレルギー|慢性鼻炎|病院|検査,1650664,38604,0,2797,https://i.ytimg.com/vi/M8VLTtskZTY/default.jpg,False,False
134,jEQsuVDln0M,天空から戦車で、地上の敵ボコボコにしたったわwwwwwwwww【フォートナイト】,2022-04-23T08:01:11Z,UCTeVjS8J3N1qsxFoetjaM4Q,おれんじ君,20,2022-05-01T00:00:00Z,おれんじ|おれんじ君|フォートナイト|Fortnite|検証|世界初|ビクロイ|武器|エモート|スキン|アイテム|楽しい|面白い|情報|バグ|リーク|建築|編集|orange|Mr orange|orenzi|enjoy|World's first|Exciting|pleasant|amusing|Victory Royal|edit|building|fortnite orange|戦車|天空,424213,6303,0,419,https://i.ytimg.com/vi/jEQsuVDln0M/default.jpg,False,False
135,NQfOgx5oTaU,【超過酷】大食いYouTuberしのけんと1日同じ食事したら何キロ太る？,2022-04-22T11:00:40Z,UCEA8Umn4azMfY2-qic1lCOA,タケヤキ翔/ラトゥラトゥ,24,2022-05-01T00:00:00Z,タケヤキ|衝撃|面白|コメディ|ユーチューバー|YouTuber|都市伝説|大食い|ラトゥラトゥ,759621,15720,0,990,https://i.ytimg.com/vi/NQfOgx5oTaU/default.jpg,False,False
136,Rkc-ywGXjtM,親友と行く3泊4日の沖縄旅行スタート！,2022-04-22T10:00:14Z,UC9Wl5AzCQzp2esQ7uVoQz0g,とうあ,22,2022-05-01T00:00:00Z,[None],1247990,24371,0,975,https://i.ytimg.com/vi/Rkc-ywGXjtM/default.jpg,False,False
137,4s6uGNkmCkk,劇的５点差大逆転！石川昂弥４打点だがや！ ＣＢＣテレビ プロ野球中継 『燃えよドラゴンズ』４月２４日 中日×巨人 ハイライト,2022-04-24T09:02:52Z,UCdEnz8AGhPTSltUpNOhU7Qg,燃えドラch【CBCテレビ公式】,17,2022-05-01T00:00:00Z,ドラゴンズ|NPB|中日|プロ野球|燃えドラch|すべらない話|立浪和義,280600,2739,0,438,https://i.ytimg.com/vi/4s6uGNkmCkk/default.jpg,False,False
138,sdI6COLDMEo,スプラトゥーン3 ナワバリバトル プレイ映像,2022-04-22T13:00:00Z,UCkH3CcMfqww9RsZvPRPkAJA,Nintendo 公式チャンネル,20,2022-05-01T00:00:00Z,Game|VideoGame|ゲーム|ビデオゲーム|Video Game (Industry)|任天堂|ニンテンドー|Nintendo|sv_nintendo|Switch|スイッチ|Splatoon|スプラ|スプラ3|イカ|ナワバリバトル|発売日,2142140,78837,0,0,https://i.ytimg.com/vi/sdI6COLDMEo/default.jpg,True,False
139,ph0YbMF4Fr8,【2022】視聴者が選ぶパオパオチャンネル流行語大賞,2022-04-22T10:00:12Z,UCOwqf_QhtnDDFmylLRg4hWg,パオパオチャンネル,24,2022-05-01T00:00:00Z,[None],457262,24114,0,789,https://i.ytimg.com/vi/ph0YbMF4Fr8/default.jpg,False,False
140,TmK7_CxchJs,【念願】漢検1級合格しました!!,2022-04-23T02:00:04Z,UCdvci38aZHC_5qKPyL8BPcA,QuizKnock会議中【サブチャンネル】,24,2022-05-01T00:00:00Z,クイズ|クイズノック|QuizKnock|伊沢拓司,458015,23147,0,1688,https://i.ytimg.com/vi/TmK7_CxchJs/default.jpg,False,False
141,_eg7aG7Ukn0,【ヒカクラ2】Part108 - 初の超巨大建築でヒカキンくん像を作る！&日本初の快挙でヒカキン涙。。。【マインクラフト】【マイクラ】【Minecraft】【ヒカキンゲームズ】,2022-04-22T10:00:17Z,UCX1xppLvuj03ubLio8jslyA,HikakinGames,20,2022-05-01T00:00:00Z,hikakingames|hikakin|beatbox|game|gameplay|ヒカキン|ヒカキンゲーム|ヒカキンゲームズ|ひかきん|ひかきんげーむず|ビートボックス|ボイパ|ゲーム|ゲーム実況|実況プレイ|実況|youtube|youtuber|ユーチューバー|ゆーちゅーぶ|ユーチューブ|スマホ|スマホゲー|PCゲー|PC|part108|グッズ|イオン|ヒカクラ|ヒカクラ2|muuu,2219668,36220,0,3663,https://i.ytimg.com/vi/_eg7aG7Ukn0/default.jpg,False,False
142,yT3_vLQ3jbM,SHOW-GO - Silver (Beatbox),2022-04-22T11:00:10Z,UCo2jc38-5ogsVP8RtB5obtw,SHOW-GO,10,2022-05-01T00:00:00Z,SHOW-GO|beatbox|ビートボックス|japan|pop|music|MV|kyoto|ボイパ|アカペラ|hiphop|lo-fi|city pop|日本|hikakin|rofu|daichi,951719,53981,0,2222,https://i.ytimg.com/vi/yT3_vLQ3jbM/default.jpg,False,False
143,9VYSkxEBlzI,【アイルトンモカ 後編】本当は不良なのに陰キャになりすます高校生の日常【アニメ化】【マンガ】【コントVol.106】,2022-04-23T08:00:08Z,UC-L6oKM0dDcwdWlJv6ZjCDw,ペケペケ!ペケッツくん,1,2022-05-01T00:00:00Z,チャンネルクロス|クロス|ショートアニメ|アニメ|アニメ動画|漫画|マンガ|まんが|ゲーム|YouTubeアニメ,250146,3472,0,165,https://i.ytimg.com/vi/9VYSkxEBlzI/default.jpg,False,False
144,gXTg71U8OR8,焼肉屋のガチ食レポ。正直な感想をお伝えします。【牛宮城】,2022-04-23T09:00:18Z,UCm56mtuEDTYED2Y-qudj47g,ホルモンしま田,22,2022-05-01T00:00:00Z,牛宮城|焼肉|レビュー|料理|宮迫|雨上がり決死隊|ヒカル|食レポ|味|飯テロ|肉|交雑牛|炎上|ホルモン|食べてみた,339342,6225,0,691,https://i.ytimg.com/vi/gXTg71U8OR8/default.jpg,False,False
145,e_We2wid-G4,浜崎あゆみ / Nonfiction,2022-04-22T03:00:22Z,UC7eXWU3oN-w5tNtP7sgeeNg,ayu,10,2022-05-01T00:00:00Z,[None],767895,0,0,0,https://i.ytimg.com/vi/e_We2wid-G4/default.jpg,True,True
146,zD_YvT5Kfkg,SixTONES【妄想組体操!?】名前だけで組体操を予想せよ！,2022-04-22T13:00:28Z,UCwjAKjycHHT1QzHrQN5Stww,SixTONES,10,2022-05-01T00:00:00Z,SixTONES|ストーンズ|johnny’s|johnnys’|johnny’s Jr.|Johnnys’ Jr.|ジャニーズJr.|ジャニーズJr.チャンネル|滝沢秀明|タッキー|ジェシー|京本大我|松村北斗|髙地優吾|森本慎太郎|田中樹|Jesse|Taiga Kyomoto|Hokuto Matsumura|Yugo Kochi|Shintaro Morimoto|Juri Tanaka|YouTubeアーティストプロモ,996692,0,0,4736,https://i.ytimg.com/vi/zD_YvT5Kfkg/default.jpg,False,True
147,qX05l0TRo-I,【ガチンコ大食い対決】どっちが日本一か決めてみた〜まさかのラーメン新記録じゃね？〜,2022-04-22T10:10:12Z,UCSoEDFXaMcHbAlWlduce2eg,MaxSuzuki TV,24,2022-05-01T00:00:00Z,MAX鈴木|マックス鈴木|大食い|早食い|デカ盛り|mukbang|asmr|eating show|ramen|먹방|大胃王|文福飯店|ラーメンショップ|孤独のグルメ|プリッとChannel|大食い対決|ラーメン|らあめん花月嵐|ロシアン佐藤|らすかる|はらぺこツインズ|もえあず|谷やん|対決,244124,4826,0,325,https://i.ytimg.com/vi/qX05l0TRo-I/default.jpg,False,False
148,t_Jf-qK8fhs,アーニャ、しってる。,2022-04-22T07:00:30Z,UC47AYUs8AVU1QsT5LhpXjaw,ジャンプチャンネル,1,2022-05-01T00:00:00Z,週刊少年ジャンプ|ジャンプ|JUMP|漫画|漫画動画|アニメ|ボイスコミック|ハイキュー|鬼滅の刃|チェンソーマン|呪術廻戦|僕のヒーローアカデミア|Dr.STONE|ONEPIECE|約束のネバーランド|銀魂|BLEACH|怪獣8号|マンガ|まんが|manga|コミックス|comics|ジャンプ＋|ジャンププラス|SPY×FAMILY|スパイファミリー|怪獣８号|ダンダダン|タコピーの原罪|おすすめ|おすすめ漫画|漫画好き|漫画賞,3961463,51623,0,832,https://i.ytimg.com/vi/t_Jf-qK8fhs/default.jpg,False,False
149,weLxdaFU4Og,堀口恭司 vs パトリックミックス 試合前の減量に密着！【Bellator279 バンタム級GP】,2022-04-22T23:00:14Z,UC-GUnpgY8Er056ZUI_CdDOA,堀口恭司/Kyoji Horiguchi,22,2022-05-01T00:00:00Z,堀口恭司|格闘家|KyojiHoriguchi,205980,4184,0,516,https://i.ytimg.com/vi/weLxdaFU4Og/default.jpg,False,False
150,LbwI3NgL4so,試合前日に完全密着【Bellator279 バンタム級ワールドグランプリ】,2022-04-23T15:13:13Z,UC-GUnpgY8Er056ZUI_CdDOA,堀口恭司/Kyoji Horiguchi,22,2022-05-01T00:00:00Z,堀口恭司|格闘家|KyojiHoriguchi,180207,3725,0,609,https://i.ytimg.com/vi/LbwI3NgL4so/default.jpg,False,False
151,106Z38kA2C8,子分藤森、大型バイクこれに決めた！,2022-04-22T11:00:00Z,UC25Ah0_XF2lOUwWV9VSfl2g,藤森慎吾のYouTubeチャンネル,24,2022-05-01T00:00:00Z,お笑い|オリエンタルラジオ|藤森慎吾|オリラジ,560377,5097,0,237,https://i.ytimg.com/vi/106Z38kA2C8/default.jpg,False,False
152,3CQJ0gJ5AKE,フォニイ／天音かなた(cover),2022-04-22T12:59:38Z,UCZlDXzGoo7d44bwdNObFacg,Kanata Ch. 天音かなた,10,2022-05-01T00:00:00Z,ホロライブ|hololive|ホロライブゲーマーズ|歌ってみた|ゲーム実況|実況|バーチャルyoutuber|Vtuber|VTuber|バーチャルYouTuber|VR|3D|ときのそら|ロボ子さん|夜空メル|アキ・ローゼンタール|赤井はあと|白上フブキ|夏色まつり|湊あくあ|紫咲シオン|百鬼あやめ|癒月ちょこ|大空スバル|大神ミオ|さくらみこ|猫又おかゆ|戌神ころね|兎田ぺこら|潤羽るしあ|不知火フレア|宝鐘マリン|白銀ノエル|AZKi|星街すいせい|角巻わため|天音かなた|桐生ココ|常闇トワ|姫森ルーナ|PP天使|amane kanata|かなたん|女性vtuber|pp angel|雪花ラミィ|桃鈴ねね|獅白ぼたん|魔乃アロエ|尾丸ポルカ|kanatan|4期生|ラプラス・ダークネス|鷹嶺ルイ|博衣こより|沙花叉クロヱ|風真いろは|フォニイ|ツミキ|singing|karaoke,449831,44277,0,870,https://i.ytimg.com/vi/3CQJ0gJ5AKE/default.jpg,False,False
153,c1uQPLFZyvA,のどが壊れて声が出なくなっちゃいました。,2022-04-23T10:01:32Z,UCMJiPpN_09F0aWpQrgbc_qg,キヨ。,20,2022-05-01T00:00:00Z,実況プレイ動画|実況プレイ|ゲーム実況|最終兵器俺達|キヨ|ゲーム|最俺|実況|ラジオ,1731717,82007,0,9458,https://i.ytimg.com/vi/c1uQPLFZyvA/default.jpg,False,False
154,DaZIAmXZcwo,【最強の布陣】江頭56歳、初めてのモスバーガー２,2022-04-21T17:50:01Z,UCL6JY2DXJNDOIqCP1CRADng,エガちゃんねる EGA-CHANNEL,23,2022-05-01T00:00:00Z,江頭|エガちゃん|エガちゃんねる|SAMURAI|BADASS|laugh,2263738,46712,0,4753,https://i.ytimg.com/vi/DaZIAmXZcwo/default.jpg,False,False
155,AaPsq3PH1W8,ゾンビがいる世界で最強セキュリティハウスを作ろうロブロックス【 Roblox 】,2022-04-23T09:30:04Z,UCWWEkozYdZZLM-H10-AexqA,タコボンド,20,2022-05-01T00:00:00Z,game|ユーチューブ|面白|たこぼんど|YouTube|実況|実況プレイ|ゲーム実況|ゲーム|おもしろ|タコボンド|バカゲー|スマホアプリ|スマホゲーム|ロブロックス|Roblox|ゾンビ|セキュリティハウス,352425,2545,0,68,https://i.ytimg.com/vi/AaPsq3PH1W8/default.jpg,False,False
156,sugRWb2ZjV8,Paper Rex戦でベスト3に昇りつめたZETA Lazのやらかしに爆笑するk4sen【VCT】,2022-04-23T06:48:20Z,UChUjERVG8eKEAJSCef-tTmg,k4sen / かせん,20,2022-05-01T00:00:00Z,k4sen|ZETA|Twitch|切り抜き|かせん|まとめ|爆笑|ネタ|VCT|VALORANT|Laz|Dep|SugarZ3ro|TENNN|crow|XQQ|大会|PRX,282233,5043,0,277,https://i.ytimg.com/vi/sugRWb2ZjV8/default.jpg,False,False
157,YZQ-4uOKVBM,トライフォース赤坂をクビになりました,2022-04-22T10:35:36Z,UCW2I4DTIJBp4or4TOyhIIUw,りくちゅ〜ぶ 【白川 陸斗】,17,2022-05-01T00:00:00Z,格闘技|格闘家|ボクシング|キック|総合格闘技|柔道|空手|剣道|パンチ|プロ|ダーク|白川|陸斗|恭兵|小倉|ゆきひろ|ファイト|りくちゅーぶ|高速|タイヤ|ラップ|バトル|ライジン|RAIZIN|DEEP|PANCRAS|グラディエーター|修斗|スパーリング|試合|喧嘩|打ち合い|パチンコ|アウトサイダー|dark|rikuto|寝技|タイヤファイト|音楽|オープンフィンガー|ISAM|分析|トライフォース|赤坂|溜池山王,200326,4257,0,381,https://i.ytimg.com/vi/YZQ-4uOKVBM/default.jpg,False,False
158,YYfZmcBQvxs,【激怒】購入3日で壊れたPCを修理！データ全消失・CPU曲がる・爆音・灼熱,2022-04-23T10:00:14Z,UC9WJo5ZJVXMZiA5XV2jLx5Q,吉田製作所,28,2022-05-01T00:00:00Z,PC|パソコン|自作|自作PC|自作パソコン|DIY|ジャンク,530382,11582,0,759,https://i.ytimg.com/vi/YYfZmcBQvxs/default.jpg,False,False
159,AIZx4l38miE,【Apex Legends解説】何故、赤武器を譲る？あるあるで学ぶApex③,2022-04-22T08:40:25Z,UCkBHs1AVh2XiNSz3zCR1Rrw,だんたい/団体,20,2022-05-01T00:00:00Z,エーペックス|Apex|あるある|エペ|えぺあるある,334092,9081,0,822,https://i.ytimg.com/vi/AIZx4l38miE/default.jpg,False,False
160,J7twdQ_EvMw,JO1｜'With Us' Official Teaser 1,2022-04-23T09:00:10Z,UCsmXiDP8S40uBeJYxvyulmA,JO1,10,2022-05-01T00:00:00Z,PRODUCE101JAPAN|プデュ|日プ|川尻蓮|豆原一成|川西拓実|河野純喜|木全翔也|金城碧海|白岩瑠姫|佐藤景瑚|鶴房汐恩|與那城奨|大平祥生|JO1|じぇいおーわん|ジェイオーワン|TheSTAR|STARGAZER|PROTOSTAR|OhiraShosei|KawashiriRen|KawanishiTakumi|KimataSyoya|KinjoSukai|KonoJunki|SatoKeigo|ShioiwaRuki|TsuruboShion|MameharaIssei|YonashiroSho|OH-EH-OH|VOICE|MYFRIENDS|Shine a light|SAFETYZONE|無限大|RUNNING|GO|SOWAHT|ツカメ|YOUNG|GARANDMASTER|KUNGCHIKITA|MONSTAR|BEWITHYOU|HAPPYMERRYCHRISTMAS|伝えられるなら|CHALLENGER|Born To Be Wild|Dreaming Night|Design|제이오원|STRANGER|REAL,342366,22690,0,1836,https://i.ytimg.com/vi/J7twdQ_EvMw/default.jpg,False,False
161,hRRmcSbeM7I,【わしゃがなTV】おまけ動画その205「シェフにお礼を言いたくなった」【中村悠一/マフィア梶田】,2022-04-21T11:00:30Z,UCfIgNVCiAei8r-haGHDnedg,4GamerSP,20,2022-05-01T00:00:00Z,4Gamer|4GamerSP|iOS|iPhone|iPad|Android|Game|ゲーム|smartphone|スマートフォン|スマホ|中村悠一|マフィア梶田|大川ぶくぶ|わしゃがな|わしゃがなTV|わしゃ生|声優|ライター|漫画家|実況|ゲーム実況|ホビー|お菓子|バイク|ナッシュ|ヘルシー|糖質制限|nosh|メニュー|food|ダイエット|食事|diet|Healthy|お弁当|bento|lunch box|voice actor|ボイスアクター|Japan|Japanese|宅配サービス|Delivery service|health|健康|聲優,220010,5782,0,270,https://i.ytimg.com/vi/hRRmcSbeM7I/default.jpg,False,False
162,KOxLoslbOy0,【デート】韓国の制服で原宿デートしたら楽しすぎて逮捕【みっき〜。】,2022-04-21T11:00:08Z,UC1fYrot9lgMstv7vX0BnjnQ,かす,24,2022-05-01T00:00:00Z,[None],776315,21591,0,531,https://i.ytimg.com/vi/KOxLoslbOy0/default.jpg,False,False
163,EXTBITkyEGY,JO1(川尻蓮・川西拓実・金城碧海・河野純喜・與那城奨) - Move The Soul / THE FIRST TAKE,2022-04-20T13:00:11Z,UC9zY_E8mcAo_Oq772LEZq8Q,THE FIRST TAKE,10,2022-05-01T00:00:00Z,the first take|first take|ファーストテイク|ファステク|一発撮り|緊張感|COLORS|DSCVR|Tokyo sounds|lute|tiny desk|PRODUCE101 JAPAN|JO1|JAM|ジェイオーワン|河野純喜|大平祥生|川尻蓮|川西拓実|木全翔也|金城碧海|佐藤景瑚|白岩瑠姫|鶴房汐恩|豆原一成|與那城奨|PRODUCE101|PRODUCE101JAPAN|日プ|プデュ|無限大|The STAR|ボーカル|カラオケ|歌ってみた|ボーイズグループ|K-POP|群青のファンファーレ|Move The Soul|KIZUNA|INI|アイネヌアイ,1601440,55380,0,8539,https://i.ytimg.com/vi/EXTBITkyEGY/default.jpg,False,False
164,-qbGcekQ4B0,Snow Man「Super Sexy」LIVE TOUR 2021 Mania Ver.,2022-04-20T08:00:00Z,UCuFPaemAaMR8R5cHzjy23dQ,Snow Man,10,2022-05-01T00:00:00Z,Snow Man|スノーマン|岩本 照|Hikaru Iwamoto|深澤 辰哉|Tatsuya Fukazawa|ラウール|Raul|渡辺 翔太|Shota Watanabe|向井 康二|Koji Mukai|阿部 亮平|Ryohei Abe|目黒 蓮|Ren Meguro|宮舘 涼太|Ryota Miyadate|佐久間 大介|Daisuke Sakuma|滝沢秀明|タッキー|アクロバット|Super Sexy|スーパーセクシー|Live|ライブ|LIVE TOUR 2021 Mania,2279342,0,0,4952,https://i.ytimg.com/vi/-qbGcekQ4B0/default.jpg,False,True
165,wcpEQHvumMQ,【二郎系】一番好きなもみじ屋に指原さんと行ってきました。をすする　SUSURU TV.第2330回,2022-04-21T09:30:07Z,UCXcjvt8cOfwtcqaMeE7-hqA,SUSURU TV.,24,2022-05-01T00:00:00Z,ラーメン|毎日ラーメン|Ramen|毎日ラーメン生活|ラーメン動画|ラーメンYoutuber|SUSURU|SUSURU TV|すする|ススル|黒烏龍茶|黒烏龍茶応援チャンネル|モッパン|すするTV|大食い|デカ盛り|大盛り|らーめん,396808,7370,0,667,https://i.ytimg.com/vi/wcpEQHvumMQ/default.jpg,False,False
166,bUyOujXrvWc,【MV full】元カレです / AKB48 59th Single【公式】,2022-04-20T11:00:15Z,UCxjXU89x6owat9dA8Z-bzdw,AKB48,24,2022-05-01T00:00:00Z,AKB|アイドル|劇場|公演|idol|JAPAN|Tokyo|エンターテインメント|秋葉原|akihabara|entertainment|日本|Asia|元カレです|浅井七海|小栗有以|下尾みう|本田仁美|向井地美音|田口愛佳|小田えりな|大西桃香|大盛真歩|柏木由紀|谷口めぐ|武藤十夢|岡田奈々|倉野尾成美|千葉恵里|村山彩希|山内瑞葵|福岡聖菜|坂口渚沙|岡部麟|GANMIダンス|Nanami Asai|Yui Oguri|Miu Shitao|Hitomi Honda|Mion Mukaichi|Manaka Taguchi|Erina Oda|Momoka Onishi|Maho Omori|Yuki Kashiwagi|Megu Taniguchi|Tomu Muto|Nana Okada|Narumi Kuranoo|Erii Chiba|Yuiri Murayama|Mizuki Yamauchi|Seina Fukuoka|Nagisa Sakaguchi|Rin Okabe|혼다히토미,1450785,40228,0,6611,https://i.ytimg.com/vi/bUyOujXrvWc/default.jpg,False,False
167,CshPTTuKoVk,J-JUN(김재중)'六等星'Official MV,2022-04-20T14:15:00Z,UCljPWdLR6p4-VX_A52WA11Q,JB ‘s,10,2022-05-01T00:00:00Z,[None],797014,20327,0,1534,https://i.ytimg.com/vi/CshPTTuKoVk/default.jpg,False,False
168,ObrZkbNNOdM,中町家の家族旅行が幸せすぎて両親がぶっ飛んだwwwww,2022-04-21T09:00:22Z,UCpbu18sbRQlFSo1PtixzktQ,中町兄妹,24,2022-05-01T00:00:00Z,中町jp|中町綾|中町|中町兄妹|tiktok|兄妹,798363,14336,0,559,https://i.ytimg.com/vi/ObrZkbNNOdM/default.jpg,False,False
169,_VYz5F2Wh_8,アニメ『SHAMAN KING』続編制作決定SPOT,2022-04-21T09:25:27Z,UCR61XV4ROXhkcfLO31hTGuw,「KING AMUSEMENT CREATIVE」公式チャンネル,1,2022-05-01T00:00:00Z,シャーマンキング|講談社|武井宏之|マンキン|SHAMAN KING|シャーマン|パッチ族|オラクルベル|S.O.F|超・占事略決|フツノミタマノツルギ|麻倉葉|日笠陽子|阿弥陀丸|小西克幸|小山田まん太|犬山イヌコ|恐山アンナ|林原めぐみ|道蓮|朴璐美|馬孫|高口公介|梅宮竜之介|田中正彦|蜥蜴郎|高木渉|ホロホロ|うえだゆうじ|コロロ|中島愛|ファウストⅧ世|子安武人|リゼルグ・ダイゼル|沢海陽子|チョコラブ・マクダネル|くまいもとこ|アイアンメイデン・ジャンヌ|堀江由衣|マルコ|中村悠一|玉村たまお|水樹奈々|ポンチ|宮園拓夢|コンチ|観世智顕|道潤|根谷美智子|李白竜|櫻井トオル|道円|手塚秀彰|ピリカ|日高里菜|シルバ|緑川光|カリム|花輪英司|オパチョ|キンクリ|キングレコード|アニメ|anime,328011,0,0,478,https://i.ytimg.com/vi/_VYz5F2Wh_8/default.jpg,False,True
170,CfxIpcwVcjg,JUBEE / Space Boy / CYBER RUI / kZm｜Red Bull RASEN,2022-04-20T09:00:17Z,UCK6AthYumV0TO49a6fQ-gSg,レッドブルマイク,10,2022-05-01T00:00:00Z,rasen|CYBERRUI|JUBEE|kZm|SpaceBoy|tofubeats|ラップ|ラッパー|ヒップホップ|マイクリレー|フリースタイル|レッドブル|redbull|マイク|hiphop,419162,12479,0,1518,https://i.ytimg.com/vi/CfxIpcwVcjg/default.jpg,False,False
171,EgWsyaqKXRw,元カレです Dance ver. / AKB48 59th Single【公式】,2022-04-20T11:00:06Z,UCxjXU89x6owat9dA8Z-bzdw,AKB48,24,2022-05-01T00:00:00Z,AKB|アイドル|劇場|公演|idol|JAPAN|Tokyo|エンターテインメント|秋葉原|akihabara|entertainment|日本|Asia|元カレです|浅井七海|小栗有以|下尾みう|本田仁美|向井地美音|田口愛佳|小田えりな|大西桃香|大盛真歩|柏木由紀|谷口めぐ|武藤十夢|岡田奈々|倉野尾成美|千葉恵里|村山彩希|山内瑞葵|福岡聖菜|坂口渚沙|岡部麟|GANMIダンス|Dance ver.|혼다히토미|시타오미우,934417,23132,0,1758,https://i.ytimg.com/vi/EgWsyaqKXRw/default.jpg,False,False
172,K1zSoZIlP04,【本編映像初解禁】映画『HiGH＆LOW THE WORST X』特報【9.9（Fri.）ROADSHOW】,2022-04-20T22:00:09Z,UCEhFcdMJhtz3OLwO4mVYXUA,HiGH & LOW,24,2022-05-01T00:00:00Z,松竹|映画|HiGH&LOW|クローズ|WORST|EXILE|髙橋ヒロシ|川村壱馬|前田公輝|吉野北人|佐藤流司|神尾楓珠|福山康平|龍|鈴木昂秀|うえきやサトシ|中島健|志尊淳|塩野瑛久|葵揚|小柳心|荒井敦史|坂口涼太郎|山田裕貴|森崎ウィン|中本悠太|三山凌輝|NCT127|BE:FIRST|永沼伊久也|比嘉涼樹|HiGH＆LOW THE WORST X 123397,683877,32705,0,2579,https://i.ytimg.com/vi/K1zSoZIlP04/default.jpg,False,False
173,3fbtZ9J89_g,【 Human: Fall Flat 】しら建みんなでふにゃふにゃな冒険だああああ！#不知火建設【ホロライブ/さくらみこ/星街すいせい/不知火フレア/尾丸ポルカ/白銀ノエル】,2022-04-20T15:42:34Z,UC-hM6YJuNYVAmUWxeIr9FeA,Miko Ch. さくらみこ,20,2022-05-01T00:00:00Z,さくらみこ|VTuber|バーチャルYouTuber|Vtuber|ゲーム|実況|生配信|歌ってみた|ホロライブ|ときのそら|白上フブキ|夏色まつり|大神ミオ|湊あくあ|紫咲シオン|百鬼あやめ|アキロゼ|夜空メル|癒月ちょこ|大空スバル|猫又おかゆ|戌神ころね|兎田ぺこら|宝鐘マリン|潤羽るしあ|白銀ノエル|不知火フレア|カバー|ゲーム実況|ホロアニメ|Virtual|ロボ子さん|赤井はあと|AZKi|星街すいせい|天音かなた|桐生ココ|姫森ルーナ|角巻わため|常闇トワ|雪花ラミィ|桃鈴ねね|獅白ぼたん|魔乃アロエ|尾丸ポルカ|hololiveEN|hololiveID|Gawr Gura|Takanashi Kiara|Mori Calliope|Ninomae Ina'nis|Watson Amelia|3D,619272,24948,0,229,https://i.ytimg.com/vi/3fbtZ9J89_g/default.jpg,False,False
174,_qA3IzbZJRk,[MIX & MAX] ENHYPEN JUNGWON & NI-KI (정원&니키) Spotlight (4K) (ENG/JPN),2022-04-20T14:00:12Z,UCEIi7zFR_wE23jFncVtd6-A,STUDIO CHOOM [스튜디오 춤],24,2022-05-01T00:00:00Z,M2|엠투|스튜디오 춤|스춤|Studio choom|COVERS|커버스|DANCE THE X|댄스 더 엑스|댄스|DANCE|비 오리지널|BE ORIGINAL|커버|COVER|엔하이픈|enhypen|ENHYPEN|정원|니키|양정원|JUNGWON|NIKI|믹스앤맥스|MIX & MAX|mix and max|mix n max|정원 니키|엔하이픈 정원 니키|니키 정원|choreo|choreography,1490804,242919,0,12915,https://i.ytimg.com/vi/_qA3IzbZJRk/default.jpg,False,False
175,ULCt7hUKaQ0,BiSH / ごめんね [OFFiCiAL ViDEO],2022-04-20T11:00:11Z,UCkb6emsbTQEv8ve2dfnuVIA,BiSH,10,2022-05-01T00:00:00Z,BiSH|ビッシュ|ロック|J-pop|楽器を持たないパンクバンド|ロッキン|Rock|アイナ・ジ・エンド|チッチ|モモコ|ハシヤスメ|アイナ|リンリン|アユニ|PEDRO|バンド|bish|邦ロック|オーケストラ|プロミスザスター,284699,8170,0,484,https://i.ytimg.com/vi/ULCt7hUKaQ0/default.jpg,False,False
176,GwDdY3TU0F0,絶対にマネして欲しくない1日の食事🍽女優入門編🍩まさかのブツの入れ替わりで前歯なくなる寸前かよ草,2022-04-20T11:00:08Z,UCJyGoLz_sLHHHI1uEPg6UhA,仲里依紗です。,22,2022-05-01T00:00:00Z,仲里依紗|仲里 依紗|なかりいさ|ナカリイサ|Naka Riisa|Nakazato Riisa|仲依 里紗|仲里依紗です|Naka Riisa desu,924793,17665,0,664,https://i.ytimg.com/vi/GwDdY3TU0F0/default.jpg,False,False
177,P0nQ7l_ZVAA,【アニメ】日清CMの幻の別バージョン,2022-04-20T10:00:11Z,UCWtLzcASRAjlVhKibLUCuEw,はじめまして松尾です,23,2022-05-01T00:00:00Z,[None],1156087,37200,0,1257,https://i.ytimg.com/vi/P0nQ7l_ZVAA/default.jpg,False,False
178,IsWxDatyVXc,【悲しい結末】マッシブーンのランクマで一緒に入れられてるポケモンランキングをぽへメンバーで独占しよう！【ポケモン剣盾】【ゆっくり実況】,2022-04-20T08:00:08Z,UCu0HaR1uI4R8gbdHnd5GWAQ,ぽへチャンネル,20,2022-05-01T00:00:00Z,ポケモン|ポケモン剣盾|ソードシールド|ぽへ|ぽへチャンネル|ゆっくり|ゆっくり実況|ゆっくり茶番|マッシブーン|霊夢|魔理沙|任天堂|ゲーム|ゲーム実況|ソード|シールド|ランクマ|人気|ダイマックス|DLC|鎧の孤島|キョダイマックス|冠の雪原|伝説|冠|ポリ2|でんせつ|ダイパ|ポケモンBDSP|リメイク|ポリゴン2|レジェンズ|アルセウス|ヒスイ|ポケモンSV,438905,9787,0,667,https://i.ytimg.com/vi/IsWxDatyVXc/default.jpg,False,False
179,Kn5uqogVePk,最強の喧嘩師４人が集まりました【MAD STREETS】,2022-04-21T08:00:13Z,UCZMRuagdTBKmmrFtSMN48Xw,牛沢,20,2022-05-01T00:00:00Z,ゲーム|game|実況|実況プレイ動画|ゲーム実況|牛沢|ガッチマン|キヨ|レトルト|MAD STREETS,606085,14449,0,420,https://i.ytimg.com/vi/Kn5uqogVePk/default.jpg,False,False
180,E6EItQRTmAI,日向坂46『飛行機雲ができる理由』,2022-04-19T11:00:10Z,UCR0V48DJyWbwEAdxLL5FjxA,日向坂46 OFFICIAL YouTube CHANNEL,10,2022-05-01T00:00:00Z,日向坂46|日向坂|日向|ヒナタザカフォーティーシックス|ひなたざか|けやき坂46|乃木坂46|欅坂46|アザトカワイイ|ソンナコトナイヨ|こんなに好きになっちゃっていいの？|ドレミソラシド|キュン|期待していない自分|誰よりも高く跳べ！|僕たちは付き合っている|それでも歩いてる|イマニミテイロ|ハッピーオーラ|君に話しておきたいこと|君しか勝たん|何度でも何度でも|ってか|僕なんか|飛行機雲ができる理由,1206118,31975,0,3060,https://i.ytimg.com/vi/E6EItQRTmAI/default.jpg,False,False
181,giOsLry_orw,88☆彡 / ワンダーランズ×ショウタイム × KAITO,2022-04-19T12:15:24Z,UCdMGYXL38w6htx6Yf9YJa-w,プロジェクトセカイ カラフルステージ! feat. 初音ミク,20,2022-05-01T00:00:00Z,初音ミク|プロジェクトセカイ|プロセカ|ボカロ|VOCALOID|ボーカロイド|鏡音リン|鏡音レン|リンレン|巡音ルカ|MEIKO|KAITO|音ゲー|リズムゲーム|ソシャゲ|スマホ向け|プレイ動画|MV,1180117,70231,0,2089,https://i.ytimg.com/vi/giOsLry_orw/default.jpg,False,False
182,HxVrHkfds7Y,レジェンドスタントマンが教える！カッコいいやられ方選手権！,2022-04-21T13:00:20Z,UCwi4P78SVunSYAGrvC9aKcw,ROF-MAO / ろふまおチャンネル【にじさんじ】,24,2022-05-01T00:00:00Z,[None],533266,0,0,1085,https://i.ytimg.com/vi/HxVrHkfds7Y/default.jpg,False,True
183,BjwGx_mEy_I,WinWinWiiin第8弾公開決定＆中田が好きなロケ弁,2022-04-21T10:00:05Z,UC6kSLiIgAcbXNSxf0JHjy5g,中田敦彦のトーク - NAKATA ATSUHIKO TALKS,24,2022-05-01T00:00:00Z,中田敦彦|オリエンタルラジオ|オリラジ,190673,3944,0,273,https://i.ytimg.com/vi/BjwGx_mEy_I/default.jpg,False,False
184,BZ99kZ8N3vs,超激熱ラインナップTS第一弾キタァァァ！松井稼頭央に藤浪晋太郎はGETするしかない！【プロスピA】# 833,2022-04-21T10:00:09Z,UCy9GuRXGTm8TliQ-OJ7KwzA,【V.I.P】,20,2022-05-01T00:00:00Z,プロスピ|プロスピa|プロスピA|プロ野球|プロ野球スピリッツ|リアタイ|リアルタイム対戦|ガチャ|神回|神引き|プロスピ2019|V.I.P|セレクション|イベント,448846,5747,0,562,https://i.ytimg.com/vi/BZ99kZ8N3vs/default.jpg,False,False
185,aRzBqHOrpCI,【NiziU】ヒットソングを生歌披露！TWICE先輩の曲も｜Song Association｜ELLE Japan,2022-04-20T09:02:46Z,UCdhJWTqm6JDadOO4MJDmX5Q,ELLE Japan（エル・ジャパン）,24,2022-05-01T00:00:00Z,elle|エル|エルジャパン|エルジャポン|ELLE JAPAN|UCdhJWTqm6JDadOO4MJDmX5Q|NiziU|SongAssociation|ソングアソシエーション|ニジュー|音楽|TWICE|MIIHI|MAYUKA|AYAKA|RIMA|MAKO|MAYA|RIO|RIKU|NINA|ASOBO|WithU,502482,15146,0,698,https://i.ytimg.com/vi/aRzBqHOrpCI/default.jpg,False,False
186,J1FwkjzjlOM,【料理 #23】よっしいはツナマヨおにぎり弁当を作りたい　【ゆっくり実況】,2022-04-20T09:30:13Z,UCK26mqeLmazLcvwAY_fR6jg,よっしいはお魚を捌きたい,22,2022-05-01T00:00:00Z,ゆっくり|ゆっくり実況|料理|よっしい|よっしいGames|霊夢|魔理沙|ゆっくり料理|弁当|コラボ|料理動画|ツバマヨ|作り方|お料理大好き魔理沙ちゃんねる|妖夢のみょんなお料理ちゃんねる|クッキング霊夢ちゃんねる|咲夜ちゃんのお料理教室|諏訪子のお料理屋さん|ゆっくりキャンプ飯|よっしいはお魚を捌きたい,149001,5941,0,122,https://i.ytimg.com/vi/J1FwkjzjlOM/default.jpg,False,False
187,vecNrtAJs0k,【料理】妖夢はみょんなお花見弁当を作るみょん！！【ゆっくり実況】,2022-04-20T09:00:13Z,UCwonZQfzB3EIlqvbUYhd2YA,妖夢のみょんなお料理ちゃんねる,22,2022-05-01T00:00:00Z,料理|料理動画|お料理|美味しい|簡単|東方|ゆっくり|ゆっくり実況|霊夢|魔理沙|妖夢|妖夢のみょんなお料理ちゃんねる|うまい|ぜんこぱす|ぜん|お手軽|べっこう飴,198098,6917,0,246,https://i.ytimg.com/vi/vecNrtAJs0k/default.jpg,False,False
188,7dzi_CmYAFg,【イメチェン】20歳になったばかりの妹が突然ショートカットにした時のメンバーの反応がヤバすぎたwwwwwwww,2022-04-20T09:00:05Z,UCBKqbSl9bK_ln9zZ-C5rP0Q,ばんばんざい,24,2022-05-01T00:00:00Z,やってみた|みゆ|ルナ|森元流那|るな|ビジネスカップル|今日好き|ばんばんざい|YouTuber|爆笑|おもしろ|ドッキリ|tiktok|衝撃|ぎし,1416984,27344,0,1644,https://i.ytimg.com/vi/7dzi_CmYAFg/default.jpg,False,False
189,B0y5tJncUAY,用水路の穴に指を突っ込むと…,2022-04-19T08:48:54Z,UCypYz0HzH-2oL7mdP-JK2yQ,おろちんゆー,24,2022-05-01T00:00:00Z,サバイバル|アウトドア|料理|生き物,1497818,32209,0,3316,https://i.ytimg.com/vi/B0y5tJncUAY/default.jpg,False,False
190,ASWLAHqTDCU,【料理】咲夜ちゃんのサンドイッチ弁当作り【ゆっくり実況】,2022-04-20T09:45:13Z,UC7a4K3jQSOw4gXvfMv4XQTQ,咲夜ちゃんのお料理教室,22,2022-05-01T00:00:00Z,ゆっくり実況|料理|冬の夏目|ゆっくり|ゆっくり料理|ゆっくり実況料理,142574,4677,0,133,https://i.ytimg.com/vi/ASWLAHqTDCU/default.jpg,False,False
191,vu3kwh9imPQ,INI｜DILEMMA Performance Video,2022-04-19T12:00:34Z,UCc-itdQHxLvUlPrDxIiSJrA,INI,24,2022-05-01T00:00:00Z,INI|アイエヌアイ|PRODUCE101|아이앤아이|池﨑理人|尾崎匠海|木村柾哉|後藤威尊|佐野雄大|許 豊凡|髙塚大夢|田島将吾|西洸人|藤牧京介|松田迅,845177,29914,0,2124,https://i.ytimg.com/vi/vu3kwh9imPQ/default.jpg,False,False
192,3KLarhILx08,#120【地上波出演!!】ノリで出演服を買いに行ったらとんでもない事になった。,2022-04-20T10:47:31Z,UC2alHD2WkakOiTxCxF-uMAg,ジャにのちゃんねる,24,2022-05-01T00:00:00Z,[None],2175554,0,0,3877,https://i.ytimg.com/vi/3KLarhILx08/default.jpg,False,True
193,7cw85AcuG3k,歌い手Geroの家突撃して夜食作ってもらったら美味すぎたwwww,2022-04-20T10:00:04Z,UCfleuaM45FPQOfVK8XSheDA,肉チョモランマ,23,2022-05-01T00:00:00Z,Gero|めいちゃん|肉チョモランマ|歌い手|突撃|夜食,416105,17072,0,1120,https://i.ytimg.com/vi/7cw85AcuG3k/default.jpg,False,False
194,pSk12EVSiTo,【アニメ】全部間違えてるペットショップ,2022-04-19T10:00:20Z,UCWtLzcASRAjlVhKibLUCuEw,はじめまして松尾です,23,2022-05-01T00:00:00Z,[None],839075,26600,0,1316,https://i.ytimg.com/vi/pSk12EVSiTo/default.jpg,False,False
195,hd3T0uX8K-E,ゾンビが襲ってくる世界で生き残れ！『バイオハザード』【まいくら・マインクラフト】,2022-04-21T07:00:19Z,UCSSKXEFwXiEcUjZKYGSvyPg,ぷちぷち＜P,20,2022-05-01T00:00:00Z,まいくら|マイクラ|マインクラフト|ぷちぷち|ひなこ|ぷちひな,473500,8628,0,182,https://i.ytimg.com/vi/hd3T0uX8K-E/default.jpg,False,False
196,-gKdPWj-Vm4,ゼノブレイド3 2nd トレーラー,2022-04-19T13:00:00Z,UCkH3CcMfqww9RsZvPRPkAJA,Nintendo 公式チャンネル,20,2022-05-01T00:00:00Z,Game|VideoGame|ゲーム|ビデオゲーム|Video Game (Industry)|任天堂|ニンテンドー|Nintendo|sv_nintendo|Switch|スイッチ|モノリスソフト|Xenoblade|ゼノブレ|アイオニオン|ノア|ランツ|ユーニ|ミオ|タイオン|セナ,535640,13374,0,0,https://i.ytimg.com/vi/-gKdPWj-Vm4/default.jpg,True,False
197,w9XKk_0qanY,【MV】ありふれた日々と、ありふれない君と。／ るぅと,2022-04-19T09:00:13Z,UC26AciTXULvcABdrWbaeL8Q,るぅとちゃんねる【すとぷり】,10,2022-05-01T00:00:00Z,るぅと|すとぷり|歌ってみた|歌い手|すとろべりーぷりんす|ありふれた日々と|ありふれない君と,408819,46111,0,5090,https://i.ytimg.com/vi/w9XKk_0qanY/default.jpg,False,False
198,V-0N2wAdu4A,突然ですが、引っ越します。,2022-04-21T10:30:06Z,UCkNSAQZvGzoPHN2UHE9BWcw,とったび,22,2022-05-01T00:00:00Z,[None],237686,8218,0,897,https://i.ytimg.com/vi/V-0N2wAdu4A/default.jpg,False,False
199,MyoEBMKsBA0,【達人の鎧通し】で【殴られ屋】やったら超危険技連発だった,2022-04-19T09:00:20Z,UCcf_hIfQz1jir7f8NrlJqkQ,福地勇人Yuto Fukuchi空手世界チャンピオン,17,2022-05-01T00:00:00Z,空手|達人|影武流|雨宮|ジークンドー|坂口拓|ウェイブ|石井東吾|福地勇人|殴られ屋|纐纈|朝倉未来|朝倉海|ドンマイ川端|矢地|RIZIN,278998,5150,0,322,https://i.ytimg.com/vi/MyoEBMKsBA0/default.jpg,False,False
